Hotel Name,Hotel Address,Price Details,Plan Title,Plan Description,Plan Prices
コンフォートイン鳥栖(旧チサンイン鳥栖),佐賀県 鳥栖,"2,455円～（消費税込2,700円～）",【30連泊割】鳥栖ICより車で約6分◆青空駐車場無料◆オフィス利用や長期滞在に◆素泊まり◆,"30泊以上の連泊に対応した特別割引プランです。
30泊未満に変更の場合、返金は致しかねますので予めご了承ください。

長期出張・単身赴任でお部屋を探している方、簡易オフィスとしてご利用されたい方へおすすめのプランです。
...","4,546円～13,000円/人（消費税込5,000円～14,300円/人）"
コンフォートイン鳥栖(旧チサンイン鳥栖),佐賀県 鳥栖,"2,455円～（消費税込2,700円～）",【21日前早期割】4連泊以上でお得◆エコステイ◆鳥栖ICより車で約6分◆朝食付◆,"■21日前まで×4連泊以上でおトク■
4連泊以上の連泊宿泊に対応した特別割引プランです。

【注意事項】
本プランは、清掃無しのプランです。
滞在時の客室清掃が必要な場合、別途料金「清掃代　1，000円（税込）」を頂戴い...","5,819円～10,364円/人（消費税込6,400円～11,400円/人）"
コンフォートイン鳥栖(旧チサンイン鳥栖),佐賀県 鳥栖,"2,455円～（消費税込2,700円～）",【開業記念15％OFF】鳥栖ICより車で約6分◆青空駐車場無料◆素泊まり◆,"■期間限定■開業記念特別プラン

最新のコンフォートブランドをオトクに体験していただけるプランをご用意！

※本プランは朝食付きではありません。

●コンフォートイン鳥栖のこだわり

〈停めやすい無料駐車場〉
広々とした...","4,637円～9,273円/人（消費税込5,100円～10,200円/人）"
ＨＯＴＥＬ　ＡＺ　佐賀吉野ヶ里店,佐賀県 鳥栖,"3,500円～（消費税込3,850円～）",【朝食無料】スタンダードプラン,"HOTEL AZ のスタンダードなプランです。
【朝食】 6：00～10：00（最終入場 9：30）

ホテルのご案内
・365日いつでも同一価格
・安心のAZホテルチェーン
・朝食無料、駐車場無料（132台）、Wi-F...","3,500円/人（消費税込3,850円/人）"
ＨＯＴＥＬ　ＡＺ　佐賀吉野ヶ里店,佐賀県 鳥栖,"3,500円～（消費税込3,850円～）",【夕食付き】スタンダードプラン　※朝食無料,"当館人気の夕食バイキングが付いたプランです。
【夕食】18：00～22：00（最終入場21：30）
【朝食】 6：00～10：00（最終入場 9：30）

ホテルのご案内
・365日いつでも同一価格
・安心のAZホテルチ...","4,373円/人（消費税込4,810円/人）"
ＨＯＴＥＬ　ＡＺ　佐賀鳥栖店,佐賀県 鳥栖,"3,900円～（消費税込4,290円～）",【夕食付き】スタンダードプラン　※朝食無料,"２食付のスタンダードなプランです☆
お食事はレストランにて、和洋中のディナーバイキング食べ放題♪

【レストラン営業時間】　
　　
　朝食　 6：00～10：00　和洋バイキング（9：30　最終入店）
　夕食　18：00...","4,273円/人（消費税込4,700円/人）"
ＨＯＴＥＬ　ＡＺ　佐賀鳥栖店,佐賀県 鳥栖,"3,900円～（消費税込4,290円～）",【朝食無料】スタンダードプラン,"朝食バイキング付きのスタンダードなプランです。

（朝食営業時間　6：00～10:00 ※9：30最終入店）

当ホテルは通年同一料金なので安心でお得です!

ビジネス利用・ご家族・ご友人とのご旅行に♪　
ご予約お待ちし...","3,400円/人（消費税込3,740円/人）"
グリーンリッチホテル　鳥栖駅前,佐賀県 鳥栖,"3,773円～（消費税込4,150円～）",【さき楽28】２８日前の早期予約でお得に！◇素泊り◇,"28日前のご予約がお得な素泊まりプランです。

※こちらのプランは朝食は含まれておりません。


【駐車場】　計１７台
■ホテル敷地内平面駐車場／200円
■第２駐車場～ホテルから約７０メートル／200円
■満車時は近郊...","3,773円/人（消費税込4,150円/人）"
グリーンリッチホテル　鳥栖駅前,佐賀県 鳥栖,"3,773円～（消費税込4,150円～）",【さき楽21】２１日前の早期予約でお得に！◆朝食付◆,"21日前のご予約がお得な宿泊プランです。

【朝食付】
■定食
■１Ｆレストラン
■営業時間　6:30-9:30 

【駐車場】　計１７台
■ホテル敷地内平面駐車場／200円
■第２駐車場～ホテルから約７０メートル／20...","5,046円/人（消費税込5,550円/人）"
グリーンリッチホテル　鳥栖駅前,佐賀県 鳥栖,"3,773円～（消費税込4,150円～）",【連泊割】２連泊～４連泊　◇素泊り◇,"2連泊～４連泊の方にお勧め★

※こちらのプランは朝食は含まれておりません。

【駐車場】　計１７台
■ホテル敷地内平面駐車場／200円
■第２駐車場～ホテルから約７０メートル／200円
■満車時は近郊駐車場をご案内致し...","4,046円～5,455円/人（消費税込4,450円～6,000円/人）"
ホテルルートイン鳥栖駅前,佐賀県 鳥栖,"4,705円～（消費税込5,175円～）",【女性限定】選べるプレミアム特典付レディースプラン　★人工温泉完備/朝食付き★,"□◆━━━━━━━━━━━━━━━━━━━━━ 
　　　　　レディースプラン☆選べる特典付き
　　　━━━━━━━━━━━━━━━━━━━━━◆□
.:*・゜＋.。.:*・゜＋.。.:*・゜＋.。.:*・゜＋.。.:*・...","5,500円～8,000円/人（消費税込6,050円～8,800円/人）"
ホテルルートイン鳥栖駅前,佐賀県 鳥栖,"4,705円～（消費税込5,175円～）",【連泊割】3泊以上連泊プラン♪　★人工温泉完備/朝食バイキングサービス★,"□◆━━━━━━━━━━━━━━━━━━━ 
　　　　　　　連泊プラン（３泊以上）
　　　━━━━━━━━━━━━━━━━━━━◆□

※ご宿泊料金は日付ごとに変動いたします。
※３泊未満へ減泊となった場合、通常料金の差...","6,364円～8,546円/人（消費税込7,000円～9,400円/人）"
ホテルルートイン鳥栖駅前,佐賀県 鳥栖,"4,705円～（消費税込5,175円～）",■佐賀うれしの茶美肌石鹸付プラン　★人工温泉完備/朝食付き★,"□◆━━━━━━━━━━━━━━━━━━━ 
　　　　　うれしの茶の美肌石鹸付プラン
　　　━━━━━━━━━━━━━━━━━━━◆□

美しい茶畑が広がる西九州・佐賀県嬉野で
霧と澄んだ空気、太陽の光を浴びて育まれたう...","5,387円～7,887円/人（消費税込5,925円～8,675円/人）"
ホテルビアントス,佐賀県 鳥栖,"2,651円～（消費税込2,916円～）",【BEST RATE】朝食付プラン★和洋バイキングで朝から元気を充電！Wi-Fi完備＆駐車場無料★,"・～・～・～・～・～・～・～・～・～・～・～・～・～・～・～・～・

朝からしっかり食べたいお客様に人気の朝食付きプランです。
和食・洋食お好みでお選びいただけるバイキングでご用意しております♪

ビジネスでの利用はもち...","3,673円～8,855円/人（消費税込4,040円～9,740円/人）"
ホテルビアントス,佐賀県 鳥栖,"2,651円～（消費税込2,916円～）",鳥栖プレミアム・アウトレットクーポン付き！朝食付きプラン,"[ プラン内容 ]
さわやかな空気と明るい陽光が似合う
カリフォルニア州南部の街をイメージした鳥栖プレミアム・アウトレットでお買い物するならコチラのプラン♪

★ファッションから飲食まで１００店舗近い店舗が並びます
　１...","3,855円～9,037円/人（消費税込4,240円～9,940円/人）"
ホテルビアントス,佐賀県 鳥栖,"2,651円～（消費税込2,916円～）",【早期割引14×朝食付】カード決済限定★2週間前までの予約はコチラ！和洋バイキングの朝食で元気充電♪,"▼▼▼▼▼▼▼▼▼▼▼▼▼▼▼▼▼▼▼▼▼▼

14日前までの予約でお得にステイ♪
ビジネス・観光で鳥栖周辺へお越しの予定が決まれば
早めの予約がおススメです！
こちらは毎日の朝食付のプランです。

▲▲▲▲▲▲▲▲▲▲...","3,551円～9,000円/人（消費税込3,906円～9,900円/人）"
ホテル　サンルートパティオ五所川原,青森県 津軽半島・五所川原,"4,819円～（消費税込5,300円～）",★ウエルカムドリンク付きプラン(朝食付き)　★駐車場無料★,"◇◆━━━━━━━━━━━━━━━

   ようこそパティオへ
350MLアサヒ缶ビールとおつまみ付

━━━━━━━━━━━━━━━◇◆
★チェックイン  15:00 
チェックアウト   10:00
★駐車場無料
 ...","7,637円/人（消費税込8,400円/人）"
ホテル　サンルートパティオ五所川原,青森県 津軽半島・五所川原,"4,819円～（消費税込5,300円～）",ベーシックプラン(素泊り)　★駐車場無料★,"◇◆━━━━━━━━━━━━━   
  
   素泊りのプランです。

━━━━━━━━━━━━━◇◆


★チェックイン  15:00 
チェックアウト   10:00
★駐車場無料
  (チェックイン前のお荷物、お...","6,273円/人（消費税込6,900円/人）"
ホテル　サンルートパティオ五所川原,青森県 津軽半島・五所川原,"4,819円～（消費税込5,300円～）",ポイントザクザク！楽天ポイント10倍付きプラン(素泊り)　★駐車場無料★,"◇◆━━━━━━━━━━━
 
 楽天ポイント10倍

━━━━━━━━━━━◇◆
★チェックイン  15:00 
チェックアウト   10:00
★駐車場無料
  (チェックイン前のお荷物、お車のお預かりも可能でござい...","6,364円/人（消費税込7,000円/人）"
ホテルサンルート五所川原,青森県 津軽半島・五所川原,"5,091円～（消費税込5,600円～）",【ポイント１０倍】ベーシックプラン,"※楽天ＰＴ、ＣＰご利用分の領収書はお出ししておりません。
支払い金額のみの領収書となります。ご了承くださいませ。

【　プラン内容　】ベーシックプラン　素泊まり
ポイント重視の方はこちらのプランをどうぞ！

■宿泊者温泉...","5,819円/人（消費税込6,400円/人）"
ホテルサンルート五所川原,青森県 津軽半島・五所川原,"5,091円～（消費税込5,600円～）",【ポイント５倍】シングルプラン,"※楽天ＰＴ、ＣＰご利用分の領収書はお出ししておりません。
支払い金額のみの領収書となります。ご了承くださいませ。

【　プラン内容　】シングルプラン　通常料金よりお安く、なのにポイントは５倍のプランです。

■宿泊者温泉...","5,610円/人（消費税込6,170円/人）"
ホテルサンルート五所川原,青森県 津軽半島・五所川原,"5,091円～（消費税込5,600円～）",【ポイント１０倍】ベーシックプラン（朝食付）,"※楽天ＰＴ、ＣＰご利用分の領収書はお出ししておりません。
支払い金額のみの領収書となります。ご了承くださいませ。

【　プラン内容　】ベーシックプラン朝食付き

■宿泊者温泉浴場無料■


【２０２２年４月１日以降にご宿...","6,728円/人（消費税込7,400円/人）"
ＥＮリゾート　久米島イーフビーチホテル＜久米島＞,沖縄県 久米島,"3,182円～（消費税込3,500円～）",【さき楽60】2食付き☆夜のプールサイドテラスでお肉を頬張る☆イーフ♪エンジョイ♪リゾートステイ♪,"【プランの特徴】
ご到着60日前の早めのご予約で、通常プランと比べて最大25％割引が適用されるプランです。
ご宿泊、ご夕食（グリルテーブル）、ご朝食ビュッフェがセットになり、ホテルステイを存分にお楽しみいただける魅惑の贅...","8,230円～16,171円/人（消費税込9,052円～17,788円/人）"
ＥＮリゾート　久米島イーフビーチホテル＜久米島＞,沖縄県 久米島,"3,182円～（消費税込3,500円～）",2食付き・夜はプールサイドテラスでお肉を頬張る☆リゾートステイ♪,"ご宿泊、ご夕食（グリルテーブル）、ご朝食ビュッフェがセットになり、ホテルステイを存分にお楽しみいただける魅惑の贅沢プラン♪

☆ご予約特典（当サイト限定）☆
レイトチェックアウト1時間無料
★★会員登録がさらにお得★★
...","8,891円～16,337円/人（消費税込9,780円～17,970円/人）"
ＥＮリゾート　久米島イーフビーチホテル＜久米島＞,沖縄県 久米島,"3,182円～（消費税込3,500円～）",【さき楽】最大25％オフ！海遊び＆夏休み旅行にはコレ！90日前までの予約で早期割引ステイプラン朝食付,"【プランの特徴】
ご到着90日前の早めのご予約で、通常プランと比べて割引が適用されるプランです。

【イーフビーチホテルって？】
”日本の渚100選”イーフビーチまで徒歩10秒！久米島で一番イーフビーチに近いホテル！
「...","5,584円～8,687円/人（消費税込6,142円～9,555円/人）"
リゾートホテル　久米アイランド　＜久米島＞,沖縄県 久米島,"3,093円～（消費税込3,402円～）",南国リゾートで自由気ままに滞在♪ホテルシェフ自慢の夕食付（夕食のみ）,"◆南国リゾートで自由気ままに滞在◆夕食付×ベーシックプラン◆

イーフビーチまで徒歩１分！
手つかずの大自然が数多く残る久米島は
ゆっくりとリゾートを楽しみたい方にピッタリ♪
スポーツ施設やアクティビティも充実しておりま...","10,773円～16,000円/人（消費税込11,850円～17,600円/人）"
リゾートホテル　久米アイランド　＜久米島＞,沖縄県 久米島,"3,093円～（消費税込3,402円～）",【さき楽30】ダイバーに嬉しい♪ 洗い場、機材干し場から近いお部屋確約プラン（食事なし）,"ダイバーの皆様には嬉しい♪洗い場、機材干し場から近いお部屋を確約するプランです。
このプランなら、早期予約で少しお得にご利用いただけます。

島を囲むように36カ所ものダイビングスポットがある『久米島』。
珊瑚は260種...","7,046円～12,364円/人（消費税込7,750円～13,600円/人）"
リゾートホテル　久米アイランド　＜久米島＞,沖縄県 久米島,"3,093円～（消費税込3,402円～）",久米島の久米仙・米島酒造コラボレーション久米島泡盛ルーム（食事なし）,"株式会社久米島の久米仙、米島酒造株式会社とコラボレーション「久米島泡盛ルーム」
一日限定１部屋のリニューアルされたお部屋で、まずはお部屋の雰囲気と泡盛の良さをお手軽に感じていただけるお得なプランとなっております！
ベッド...","6,137円～11,364円/人（消費税込6,750円～12,500円/人）"
ファミリーロッジ旅籠屋・寒河江店,山形県 寒河江・月山,"3,046円～（消費税込3,350円～）",レギュラープラン（禁煙）,25㎡の部屋に、幅1.5m以上のクィーンサイズベッドが2台。風呂トイレ別で、足を伸ばせる浴槽、洗浄機能付きのトイレがあります。またWiFiを完備しています。駐車場は1部屋につき1台分無料です。午前7～9時まで朝軽食(コー...,"5,000円～8,819円/人（消費税込5,500円～9,700円/人）"
ファミリーロッジ旅籠屋・寒河江店,山形県 寒河江・月山,"3,046円～（消費税込3,350円～）",レギュラープラン（喫煙可）,25㎡の部屋に、幅1.5m以上のクィーンサイズベッドが2台。風呂トイレ別で、足を伸ばせる浴槽、洗浄機能付きのトイレがあります。またWiFiを完備しています。駐車場は1部屋につき1台分無料です。午前7～9時まで朝軽食(コー...,"5,000円～8,819円/人（消費税込5,500円～9,700円/人）"
ホテルフォルクローロ大湊＜JR東日本ホテルズ＞,青森県 下北・大間・むつ,"6,000円～（消費税込6,600円～）",下北半島の観光に便利☆ご夫婦カップルプラン,"♪　むつ市JR大湊駅隣接・徒歩1分の好立地ホテルで忙しい朝もゆっくりお過ごしいただけます　♪
～下北半島の観光の拠点として、ご夫婦で、カップルで快適なご滞在をお楽しみ下さいませ！～

※料金はシーズンごとに異なりますので...","6,091円～6,746円/人（消費税込6,700円～7,420円/人）"
ホテルフォルクローロ大湊＜JR東日本ホテルズ＞,青森県 下北・大間・むつ,"6,000円～（消費税込6,600円～）",17時からのチェックイン！レイトチェックインプラン,"17時からのレイトチェックインプランとなっております。

♪　むつ市大湊駅隣接徒歩1分の好立地で忙しい朝もゆっくりお過ごしいただけます　♪
～下北半島の観光の拠点として、ツインで快適なご滞在をお楽しみ下さいませ！～
※料...","6,164円/人（消費税込6,780円/人）"
ホテルフォルクローロ大湊＜JR東日本ホテルズ＞,青森県 下北・大間・むつ,"6,000円～（消費税込6,600円～）",【1，000円分売店利用券付♪】お得な出張応援プラン1000,"本州最北端の地、ホテルフォルクローロ大湊にお越しのお客さまには当ホテル内売店のみでお使いいただける利用券をチェックイン時にお渡しいたします！
※明細にプラン名は表記されません。
※利用券の現金への引換・返金は出来ません
...","7,000円～7,655円/人（消費税込7,700円～8,420円/人）"
御宿　結の庄（共立リゾート）,岐阜県 白川郷,"13,000円～（消費税込14,300円～）",夕食グレードアップ～“のどぐろの塩焼き“”飛騨牛”で贅沢旅♪　最大21時間滞在の特典付★1泊2食～,"＜＜夕食グレードアップ！！＞＞

飛騨牛や飛騨の郷土料理を中心に、山の幸や海の幸を厳選し、四季折々の旬を愉しむ和食会席料理に
富山湾で獲れた脂がのった「のどぐろ」の塩焼きを追加でご提供♪
さらに最大21時間滞在可能なプラ...","25,000円～73,000円/人（消費税込27,500円～80,300円/人）"
御宿　結の庄（共立リゾート）,岐阜県 白川郷,"13,000円～（消費税込14,300円～）",【楽天月末セール】飛騨牛を味わう２食付きプラン♪　大自然に抱かれて過ごす温泉宿,"共立リゾートで堪能する、世界遺産 白川郷。

【天然温泉　ゆるりの湯　御宿　結の庄】

日本全国の名勝・名湯の地に癒しの湯宿と
リゾートホテルを展開する「共立リゾート」が
記念すべき30棟目オープンに選んだ地は、
日本が...","18,000円～27,000円/人（消費税込19,800円～29,700円/人）"
御宿　結の庄（共立リゾート）,岐阜県 白川郷,"13,000円～（消費税込14,300円～）",【1泊朝食】特製朴葉味噌が美味しい自慢の朝食☆観光後の遅めのご到着もOK♪＼お夜食のラーメン無料♪／,"遅めのご到着もOK♪
≪　特製朴葉味噌が美味しい♪１泊朝食付プラン　≫

言わずと知れた世界遺産「白川郷」。

ミシュランで3つ星として掲載された日本を代表する人気観光地で、
田んぼに囲まれた中に茅葺屋根の家が点在する山...","16,000円～64,000円/人（消費税込17,600円～70,400円/人）"
ホテル　ルートイン由利本荘,秋田県 由利本荘・鳥海山,"5,205円～（消費税込5,725円～）",【納得】早割28日前プラン～早めのご予約でお得に宿泊～,"◆◆◆２８日前までのご予約でちょっぴりお得に◆◆◆

こちらのプランからのご予約で、通常料金よりもちょっぴりお得になります。早めのご予定がお決まりの方にぴったりのプランです。

※日曜・祭日は夕食レストランは定休日となっ...","6,319円/人（消費税込6,950円/人）"
ホテル　ルートイン由利本荘,秋田県 由利本荘・鳥海山,"5,205円～（消費税込5,725円～）",【当館人気】QUOカード1000円付プラン♪,"1泊1室に付きＱＵＯカード1000円分が付くプランです♪

コンビニで！ガソリン代で！ドラッグストアで！ＱＵＯカードは、全国のQUOカード加盟店でご利用いただける便利なプリペイドカード。
毎日使う整髪料や化粧品、新聞、雑...","8,137円～12,000円/人（消費税込8,950円～13,200円/人）"
ホテル　ルートイン由利本荘,秋田県 由利本荘・鳥海山,"5,205円～（消費税込5,725円～）",【Web限定】ルートイングループ共通お食事券（１０００円）付プラン,"1泊1名様につき1，000円分のお食事券が付く
ルートイングループ共通お食事券（1000円）付きプラン♪♪


使い方はあなた次第☆
ビジネスに！旅行に！色々なシーンでご利用頂けます！！

≪ホテルからのお願い≫
・本券...","7,955円～11,819円/人（消費税込8,750円～13,000円/人）"
ホテルルートイン新城,愛知県 奥三河・新城・湯谷温泉,"5,182円～（消費税込5,700円～）",【バイキング朝食付き】スタンダードプラン *朝食付き*大浴場完備*WiFi完備*,"ご朝食付きのスタンダードなご宿泊プランです！

●○●無料サービスのご案内●○●
【ご朝食】和洋食のバイキング朝食をお召し上がりいただけます。
・場所⇒ホテル1階 レストラン「和み」
・ご利用時間⇒6:30～9:00

...","5,910円/人（消費税込6,500円/人）"
ホテルルートイン新城,愛知県 奥三河・新城・湯谷温泉,"5,182円～（消費税込5,700円～）",【清掃なし！WOWOW視聴無料】連泊アメニティプラン♪ *朝食付き*大浴場完備*WiFi完備*,"清掃はいらないからそのぶん安く泊まりたい！

２泊以上ご宿泊のお客様で、清掃はなし。
アメニティ類（タオル・歯ブラシ・くし・髭剃り・紙スリッパ・綿棒等）をお部屋のドア前にご用意します。

お使いになったタオルやゴミはドア...","6,910円/人（消費税込7,600円/人）"
ホテルルートイン新城,愛知県 奥三河・新城・湯谷温泉,"5,182円～（消費税込5,700円～）",【早割30】30日前までの予約で割引プラン★ *朝食付き*大浴場完備*WiFi完備*,"◎◎＝＝＝＝＝＝＝＝＝＝＝＝＝＝＝＝＝＝＝＝＝＝◎◎
30日前までにご予約のお客様に適用される割引プランです
◎◎＝＝＝＝＝＝＝＝＝＝＝＝＝＝＝＝＝＝＝＝＝＝◎◎

●○●無料サービスのご案内●○●
【ご朝食】和洋食のバ...","5,319円/人（消費税込5,850円/人）"
休暇村　茶臼山高原,愛知県 奥三河・新城・湯谷温泉,"10,000円～（消費税込11,000円～）",紅葉シーズン限定！【2024年度10/12～11/30】　茶臼山高原　秋色ビュッフェ,"●10月12日～11月30日の期間限定の高原ビュッフェプランです

茶臼山高原周辺は奥三河・南信州・西遠州に囲まれており『三遠南信地区』と呼ばれています。
近隣から届く新鮮な獲れたて野菜、牛・豚・鶏・川魚といった高原の恵...","12,728円～15,728円/人（消費税込14,000円～17,300円/人）"
休暇村　茶臼山高原,愛知県 奥三河・新城・湯谷温泉,"10,000円～（消費税込11,000円～）",【2024年9/1～10/11】大自然満喫！秋の山里旬彩コース,"2024年のスタンダード会席プラン！
愛知県最高峰の茶臼山（1415ｍ）に広がる高原にあり県内で最高地の宿。
標高１２４０ｍの当館は、名古屋郊外からも約２時間でお越しいただける身近なスポットながら、南アルプス連峰を一望で...","10,910円～13,910円/人（消費税込12,000円～15,300円/人）"
休暇村　茶臼山高原,愛知県 奥三河・新城・湯谷温泉,"10,000円～（消費税込11,000円～）",大自然＆秋の山里の味覚も満喫ちょっぴり贅沢！山里旬菜プレミアムオータム　2024,"この初秋はスタンダード会席をちょっと贅沢に！そんな方にオススメです。
愛知県が誇る三大地鶏の一つ『名古屋コーチン』と松茸を愛知の郷土料理ひきずり鍋でお楽しみいただけます。
具材はなんと！お替わり可能なのでお腹いっぱいに満...","13,637円～16,637円/人（消費税込15,000円～18,300円/人）"
Ｔａｂｉｓｔ　さくら別館　奥三河,愛知県 奥三河・新城・湯谷温泉,"4,910円～（消費税込5,400円～）",料理長おすすめ！自慢の会席料理プラン２食付き（グレードアップ）（通年）,"～＊～　開運と四季を感じる様々な部屋タイプに泊まれる料理宿☆　～＊～

桜の名所《県立桜淵公園》内に建つ心和む和風モダンな宿『Tabist さくら別館』。
ビジネスの方から旅行を楽しむ方まで色々な方がお泊りに来られます♪...","15,182円～17,455円/人（消費税込16,700円～19,200円/人）"
Ｔａｂｉｓｔ　さくら別館　奥三河,愛知県 奥三河・新城・湯谷温泉,"4,910円～（消費税込5,400円～）",【１泊朝食付】季節のご朝食付♪新城の自然に囲まれて心リフレッシュぶらり旅☆（通年）,"■ Tabist さくら別館 奥三河 ご朝食付プラン■

おひつでおかわりごはんに健康朝食♪
体に優しい朝食をお召し上がりいただき、
日々の疲れをリフレッシュしてください！

◆ご朝食付きプラン◆
ある日の朝食の一例…....","8,182円～10,455円/人（消費税込9,000円～11,500円/人）"
Ｔａｂｉｓｔ　さくら別館　奥三河,愛知県 奥三河・新城・湯谷温泉,"4,910円～（消費税込5,400円～）",【素泊まり】平日とくとくプラン♪ビジネスも大歓迎！お得に泊まれるプランです。（通年）,"※こちらはお食事が付かない素泊まりプランとなります。

★日曜日～木曜日限定、お得に泊まれるプラン★


　JR飯田線　新城駅より車で5分・徒歩15分、新東名「新城IC」より車で約10分

　　　　　　　　　目の前が豊川...","5,728円～5,864円/人（消費税込6,300円～6,450円/人）"
ＨＯＴＥＬ　Ｒ９　Ｔｈｅ　Ｙａｒｄ　真岡熊倉,栃木県 真岡・益子・茂木,"4,091円～（消費税込4,500円～）",【スタンダード】ビジネスや観光の拠点に♪軽食＆ホットドリンク付【駐車場至近＆無料】,"《シンプルステイ★プランに迷ったらこれ！》
ビジネス＆観光の拠点にも最適♪

◆◆ご連泊のお客様へ「エコ清掃」のご案内◆◆
このプランでご連泊される場合は「エコ清掃」となります。
毎日のフル清掃をご希望される3連泊以上の...","4,273円～11,346円/人（消費税込4,700円～12,480円/人）"
ＨＯＴＥＬ　Ｒ９　Ｔｈｅ　Ｙａｒｄ　真岡熊倉,栃木県 真岡・益子・茂木,"4,091円～（消費税込4,500円～）",【連泊プラン（エコ清掃）】ECOでお得な連泊割！軽食＆コーヒー付【駐車場至近＆無料】,"《3連泊以上のご滞在におすすめ！エコ清掃で地球にやさしい》
ビジネスやレジャーに！プライベートな空間でくつろぎの時間を♪

■特典：3連泊以上宿泊のお客様限定 特別価格

◆◆ご連泊のお客様へ「エコ清掃」のご案内◆◆
こ...","4,091円～11,110円/人（消費税込4,500円～12,220円/人）"
ＨＯＴＥＬ　Ｒ９　Ｔｈｅ　Ｙａｒｄ　真岡熊倉,栃木県 真岡・益子・茂木,"4,091円～（消費税込4,500円～）",【レイトチェックアウト】ゆっくりのんびりプラン＊軽食＆コーヒー付,"≪朝はゆっくり★レイトチェックアウトプラン≫
時間を気にせずごゆっくりとお過ごしください♪

■特典：12時チェックアウト（通常10時）

◆◆ご連泊のお客様へ「エコ清掃」のご案内◆◆
このプランでご連泊される場合は「エ...","4,546円～11,700円/人（消費税込5,000円～12,870円/人）"
ＨＯＴＥＬ　Ｒ９　Ｔｈｅ　Ｙａｒｄ　真岡インター,栃木県 真岡・益子・茂木,"3,182円～（消費税込3,500円～）",【レイトチェックアウト】ゆっくりのんびりプラン＊軽食＆ホットドリンク付,"≪朝はゆっくり★レイトチェックアウトプラン≫
時間を気にせずごゆっくりとお過ごしください♪

■特典：12時チェックアウト（通常10時）

◆◆ご連泊のお客様へ「エコ清掃」のご案内◆◆
このプランでご連泊される場合は「エ...","3,637円～7,910円/人（消費税込4,000円～8,700円/人）"
ＨＯＴＥＬ　Ｒ９　Ｔｈｅ　Ｙａｒｄ　真岡インター,栃木県 真岡・益子・茂木,"3,182円～（消費税込3,500円～）",【連泊プラン（フル清掃）】連泊におすすめ！毎日フル清掃★軽食＆ホットドリンク付【駐車場至近＆無料】,"《3連泊以上のご滞在におすすめ！毎日フル清掃プラン♪》
ビジネスやレジャーに！プライベートな空間でくつろぎの時間を♪

■特典：3連泊以上宿泊のお客様限定 特別価格

◇◇ご連泊のお客様へ「客室清掃」のご案内◇◇
このプ...","3,546円～7,819円/人（消費税込3,900円～8,600円/人）"
ＨＯＴＥＬ　Ｒ９　Ｔｈｅ　Ｙａｒｄ　真岡インター,栃木県 真岡・益子・茂木,"3,182円～（消費税込3,500円～）",【スタンダード】ビジネスや観光の拠点に♪軽食＆ホットドリンク付【駐車場至近＆無料】,"《シンプルステイ★プランに迷ったらこれ！》
ビジネス＆観光の拠点にも最適♪

◆◆ご連泊のお客様へ「エコ清掃」のご案内◆◆
このプランでご連泊される場合は「エコ清掃」となります。
毎日のフル清掃をご希望される3連泊以上の...","3,364円～7,637円/人（消費税込3,700円～8,400円/人）"
フェアフィールド・バイ・マリオット・栃木もてぎ,栃木県 真岡・益子・茂木,"7,040円～（消費税込7,744円～）",【Marriott Bonvoy会員対象プラン・朝食ボックス付】＜小学生以下添い寝無料＞,"※Marriott Bonvoy会員価格はシルバー以上の楽天会員の方が楽天上で入会した場合予約可能です。日程によっては、会員価格が出てこない場合がございます。

朝食ボックス付きプランです。
フェアフィールド・バイ・マリ...","10,073円～16,673円/人（消費税込11,080円～18,340円/人）"
フェアフィールド・バイ・マリオット・栃木もてぎ,栃木県 真岡・益子・茂木,"7,040円～（消費税込7,744円～）",【Marriott Bonvoy会員対象プラン・連泊】＜小学生以下添い寝無料＞,"※Marriott Bonvoy会員価格はシルバー以上の楽天会員の方が楽天上で入会した場合予約可能です。日程によっては、会員価格が出てこない場合がございます。

連泊でお得にご宿泊いただけるプランです。

蒸気機関車の走...","7,040円～22,000円/人（消費税込7,744円～24,200円/人）"
フェアフィールド・バイ・マリオット・栃木もてぎ,栃木県 真岡・益子・茂木,"7,040円～（消費税込7,744円～）",【Marriott Bonvoy会員対象プラン・素泊まり】＜小学生以下添い寝無料＞,"※Marriott Bonvoy会員価格はシルバー以上の楽天会員の方が楽天上で入会した場合予約可能です。日程によっては、会員価格が出てこない場合がございます。

蒸気機関車の走る鉄道として有名な真岡鉄道。終着駅の茂木駅か...","8,800円～27,500円/人（消費税込9,680円～30,250円/人）"
ホテルルートイン真岡,栃木県 真岡・益子・茂木,"6,319円～（消費税込6,950円～）",【夏得】１１時までゆった～りのんびりステイプラン♪（朝食無料・大浴場完備・駐車場無料・Wifi完備）,"セミダブル限定のプラン♪♪

ちょっとゆっくりしたい朝や遅めのおでかけにピッタリ。
翌朝10時のチェックアウトが、11時までご滞在可能になります♪
ぜひ、週末セールのこのプランをご利用になり、ルートインの朝をのんびりお過...","6,319円～6,955円/人（消費税込6,950円～7,650円/人）"
ホテルルートイン真岡,栃木県 真岡・益子・茂木,"6,319円～（消費税込6,950円～）",≪ポイント10倍≫口コミ投稿でお得なプラン,"＝＝＝＝＝＝＝＝＝＝＝＝＝＝＝＝＝＝＝＝＝＝＝＝
室数限定!!!

チェックアウト後に、当ホテルの口コミ投稿するだけで、

★☆★☆ 楽天ポイント10倍!!! ☆★☆★

お得に、ご宿泊頂けるプランとなっております!!!...","7,819円～8,637円/人（消費税込8,600円～9,500円/人）"
ホテルルートイン真岡,栃木県 真岡・益子・茂木,"6,319円～（消費税込6,950円～）",お得な1泊2食パックプラン♪（駐車場無料・大浴場完備・Wifi完備）,"【※お知らせ※】
まん延防止措置を受け、夕食レストランの営業時間を短縮致します。

期間：8月2日(月)～8月31日(火)
営業時間：20時まで
酒類提供：19時まで

-----------------------

...","8,910円～9,546円/人（消費税込9,800円～10,500円/人）"
アパホテル〈相模原　古淵駅前〉,神奈川県 大和・相模原・町田西部,"5,139円～（消費税込5,652円～）",【ロングステイ】13時チェックイン～翌13時チェックアウト　最大24時間滞在可能,"プラン内容
チェックイン13:00～チェックアウト13:00までの
最大24時間ご滞在頂けるロングステイプランです。
ビジネス・観光・コンサートで早めにチェックインされたい方や
翌日のんびりチェックアウトされたい方にはお...","6,319円～7,410円/人（消費税込6,950円～8,150円/人）"
アパホテル〈相模原　古淵駅前〉,神奈川県 大和・相模原・町田西部,"5,139円～（消費税込5,652円～）",【素泊まり】古淵駅から徒歩3分！旅行やビジネスに便利【首都圏おすすめ】【アパは映画もアニメも見放題】,"相模原にご用の方はもちろん、横浜観光、旅行やビジネス出張に便利！！ ビジネスの拠点に最適な立地です！！

プラン内容
■シンプルな素泊まりステイプラン■
遅いチェックインでも安心！お得でシンプルな素泊りのプランです♪

...","5,410円～6,500円/人（消費税込5,950円～7,150円/人）"
アパホテル〈相模原　古淵駅前〉,神奈川県 大和・相模原・町田西部,"5,139円～（消費税込5,652円～）",【朝食付】古淵駅から徒歩3分！旅行やビジネスに便利！【首都圏おすすめ】【アパは映画もアニメも見放題】,"プラン内容
■朝食付きプラン■
ホテル1階朝食会場での朝食付のプランです！！
・時間／6:30～9:00（最終入場8:30）

アパホテルはアパルームシアター（VOD）視聴を完全無料化致しました。
【アパルームシアター】...","6,319円～7,410円/人（消費税込6,950円～8,150円/人）"
ホテルリブマックス相模原駅前,神奈川県 大和・相模原・町田西部,"3,478円～（消費税込3,825円～）",【素泊り】当館一番人気☆スタンダードプラン☆【全室シモンズベッド】,"★☆１番人気のスタンダードプラン☆★

◆全プラン共通案内◆
◆連泊の客室清掃について◆
□連泊中の清掃・タオル交換・アメニティの補充は希望制でございます。（無料）
※清掃希望のお客様は午前１１時までに清掃札を出して頂き...","4,091円～11,819円/人（消費税込4,500円～13,000円/人）"
ホテルリブマックス相模原駅前,神奈川県 大和・相模原・町田西部,"3,478円～（消費税込3,825円～）",【Dog×Stay】愛犬と一緒にご宿泊～ワンちゃん同伴宿泊プラン～【素泊り】,"本プランは、ペットと宿泊される方に向けたプランです。
■特典内容:【ペット用プレゼント】
ペットシート2枚※1日※

全国でも珍しいビジネスホテル×ペット宿泊を是非この機会にご利用ください！
※1泊限定※
～ホテルまでの...","8,637円～23,637円/人（消費税込9,500円～26,000円/人）"
ホテルリブマックス相模原駅前,神奈川県 大和・相模原・町田西部,"3,478円～（消費税込3,825円～）",【素泊り】『リブ得 』ホテルリブマックス最安値のスペシャルプラン☆【全室シモンズベッド】,"★☆『リブ得 』ホテルリブマックス
　　　　　　　　最安値のスペシャルプラン☆★

　　～リブマックスからの新提案～
　　リブ得でお得にお気軽に。
　　リブマックスの最安値のお得なプラン

◆全プラン共通案内◆
◆連泊の...","3,478円～10,046円/人（消費税込3,825円～11,050円/人）"
ホテルリブマックス南橋本駅前,神奈川県 大和・相模原・町田西部,"2,535円～（消費税込2,788円～）",【素泊り】『リブ得 』ホテルリブマックス最安値のスペシャルプラン☆JR相模線南橋本駅より徒歩1分！,"■ホテルリブマックス南橋本駅前■
★☆『リブ得 』ホテルリブマックス
　　　　　　　　最安値のスペシャルプラン☆★

　　～リブマックスからの新提案～
　　リブ得でお得にお気軽に。
　　リブマックスの最安値のお得なプラン...","3,285円～10,046円/人（消費税込3,613円～11,050円/人）"
ホテルリブマックス南橋本駅前,神奈川県 大和・相模原・町田西部,"2,535円～（消費税込2,788円～）",【素泊り】【スタンダードプラン】JR相模線南橋本駅より徒歩1分！,"■ホテルリブマックス南橋本駅前■
☆１番人気のスタンダードプラン☆
好評頂いている大人気プランです。
ビジネスから観光まで幅広い年代の方に愛されています。　


◆連泊の客室清掃について◆
□連泊中の清掃・タオル交換・ア...","3,864円～11,819円/人（消費税込4,250円～13,000円/人）"
アパホテル〈相模原　橋本駅前〉,神奈川県 大和・相模原・町田西部,"4,091円～（消費税込4,500円～）",【素泊まり・事前決済限定】非接触1秒チェックイン体験プラン！【アパは映画もアニメも見放題】,"このプランは、予約時に事前クレジットカード決済が必要です。
アパアプリによるチェックイン推奨プランです。


【プラン案内】
宿泊のみのシンプルな素泊まりプラン
徒歩圏にコンビニ、スーパーが御座いますので
急な買い物や食...","4,091円～8,637円/人（消費税込4,500円～9,500円/人）"
アパホテル〈相模原　橋本駅前〉,神奈川県 大和・相模原・町田西部,"4,091円～（消費税込4,500円～）",【ロングステイ】13時から翌13時　最大24時間滞在可【アパは映画もアニメも見放題】◆橋本駅徒歩3分,"■■　プラン案内　■■
チェックイン13:00～チェックアウト翌日13:00(通常10：00)までの
最大24時間ご滞在頂けるロングステイプラン♪

【アパルームシアター】
アパホテルはアパルームシアター（VOD）視聴を...","5,637円～10,182円/人（消費税込6,200円～11,200円/人）"
アパホテル〈相模原　橋本駅前〉,神奈川県 大和・相模原・町田西部,"4,091円～（消費税込4,500円～）",【素泊まり】◆橋本駅北口徒歩3分◆新宿・横浜・新横浜乗換なし！【アパは映画もアニメも見放題】,"【プラン案内】
スタンダードな素泊まりプランです。
シンプルに泊まりたい方におススメです。

【アパルームシアター】
アパホテルはアパルームシアター（VOD）視聴を無料化致しました。
・洋画、邦画、その他話題の番組を20...","4,091円～8,728円/人（消費税込4,500円～9,600円/人）"
ホテルクラウンヒルズ相模原駅前（ＢＢＨホテルグループ）,神奈川県 大和・相模原・町田西部,"3,228円～（消費税込3,550円～）",【提携飲食店で使える夕食食事券3000円分付,"ホテル近隣の提携飲食店で使える、食事券1泊3，000円分/人プレゼント！（宿泊当日のみ有効）
※寝具、食事ありのお子様もチケットをお渡しします。
※各店舗でのお会計時にチケットの提示をお願い致します。
※釣り銭、換金、再...","6,319円～6,546円/人（消費税込6,950円～7,200円/人）"
ホテルクラウンヒルズ相模原駅前（ＢＢＨホテルグループ）,神奈川県 大和・相模原・町田西部,"3,228円～（消費税込3,550円～）",提携飲食店で使える夕食食事券1000円分付【朝食付】ホテルから徒歩1分。朝食付♪,"ホテル近隣の提携飲食店で使える、食事券1泊1，000円分/人プレゼント！（宿泊当日のみ有効）
※寝具、食事ありのお子様もチケットをお渡しします。
※各店舗でのお会計時にチケットの提示をお願い致します。
※釣り銭、換金、再...","5,046円～5,273円/人（消費税込5,550円～5,800円/人）"
ホテルクラウンヒルズ相模原駅前（ＢＢＨホテルグループ）,神奈川県 大和・相模原・町田西部,"3,228円～（消費税込3,550円～）",「BBH150店舗達成記念」☆駅徒歩２分☆朝食付きビジネスベーシックプラン【当館人気No1】,"朝食が付いたベーシックプラン♪☆領収証は宿泊代のみの記載です。☆
『元気な一日は朝食から』！朝食バイキングをお召し上がり下さい♪


●新サービストピックス●
・無料の貸し出しサービス(20種以上)スタート
 ＰＯＬＡシ...","4,137円～4,364円/人（消費税込4,550円～4,800円/人）"
東横ＩＮＮ横浜線淵野辺駅南口,神奈川県 大和・相模原・町田西部,"4,200円～（消費税込4,620円～）",★スタンダードプラン 喫煙シングル,"駅前・駅近ネットワーク東横インのスタンダードな素泊まりのプランです。

※※※無料の元気朝食サービス※※※
全店で「ご当地もの」をご用意しています。
東横INNの元気朝食をお楽しみください。
(全てのお客さまに無料で提供...","6,969円～7,300円/人（消費税込7,665円～8,030円/人）"
東横ＩＮＮ横浜線淵野辺駅南口,神奈川県 大和・相模原・町田西部,"4,200円～（消費税込4,620円～）",★【無料の元気朝食付】いつでも安心価格♪ビジネス・レジャーに！ 喫煙ダブル,"ホテルチェーン東横インのスタンダードプランです

「きれいで清潔なお部屋」
「全店が同じクオリティサービス」

東横インはビジネスやレジャーなど様々な場面の拠点として、皆様に安心してご利用いただるホテルチェーンです。

...","4,678円～4,900円/人（消費税込5,145円～5,390円/人）"
東横ＩＮＮ横浜線淵野辺駅南口,神奈川県 大和・相模原・町田西部,"4,200円～（消費税込4,620円～）",★【お一人さまステイ】一人旅にもオススメ！喫煙シングル,"充実した設備と心温まる笑顔で、スタッフ一同お待ち致しております。
ズボンプレッサー貸出あり（各階にフロアに準備）、インターネット接続無料、ロビー無線ＬＡＮ等ビジネスマンにうれしい設備充実のホテルです。

※東横INNはご...","6,969円～7,300円/人（消費税込7,665円～8,030円/人）"
東横ＩＮＮ大和駅前,神奈川県 大和・相模原・町田西部,"4,582円～（消費税込5,040円～）",★【当日24時以降もご予約OK！】喫煙エコノミーダブル,"当日深夜２４時以降も予約いただけるプランです

★　全室ユニットバス完備　★　朝食無料サービス（時間はホテルへ）

他にも全室ドライヤー完備、アイロン・ズボンプレッサー貸出など過不足ないアメニティやサービスをご用意。
[...","4,582円/人（消費税込5,040円/人）"
東横ＩＮＮ大和駅前,神奈川県 大和・相模原・町田西部,"4,582円～（消費税込5,040円～）",★スタンダードプラン 喫煙シングル,"駅前・駅近ネットワーク東横インのスタンダードな素泊まりのプランです。

※※※無料の元気朝食サービス※※※
全店で「ご当地もの」をご用意しています。
東横INNの元気朝食をお楽しみください。
(全てのお客さまに無料で提供...","7,732円～8,100円/人（消費税込8,505円～8,910円/人）"
東横ＩＮＮ大和駅前,神奈川県 大和・相模原・町田西部,"4,582円～（消費税込5,040円～）",★【当日24時以降もご予約OK！】禁煙ツイン,"当日深夜２４時以降も予約いただけるプランです

★　全室ユニットバス完備　★　朝食無料サービス（時間はホテルへ）

他にも全室ドライヤー完備、アイロン・ズボンプレッサー貸出など過不足ないアメニティやサービスをご用意。
[...","5,155円/人（消費税込5,670円/人）"
東横ＩＮＮ京王線橋本駅北口,神奈川県 大和・相模原・町田西部,"3,652円～（消費税込4,017円～）",★【無料の元気朝食付】いつでも安心価格♪ビジネス・レジャーに！ 喫煙ダブル,"ホテルチェーン東横インのスタンダードプランです

「きれいで清潔なお部屋」
「全店が同じクオリティサービス」

東横インはビジネスやレジャーなど様々な場面の拠点として、皆様に安心してご利用いただるホテルチェーンです。

...","4,678円～4,900円/人（消費税込5,145円～5,390円/人）"
東横ＩＮＮ京王線橋本駅北口,神奈川県 大和・相模原・町田西部,"3,652円～（消費税込4,017円～）",★【無料の元気朝食付】いつでも安心価格♪ビジネス・レジャーに！ 禁煙デラックスツイン,"ホテルチェーン東横インのスタンダードプランです

「きれいで清潔なお部屋」
「全店が同じクオリティサービス」

東横インはビジネスやレジャーなど様々な場面の拠点として、皆様に安心してご利用いただるホテルチェーンです。

...","5,871円～6,150円/人（消費税込6,458円～6,765円/人）"
東横ＩＮＮ京王線橋本駅北口,神奈川県 大和・相模原・町田西部,"3,652円～（消費税込4,017円～）",★【当日24時以降もご予約OK！】禁煙エコノミーツイン,"当日深夜２４時以降も予約いただけるプランです

★　全室ユニットバス完備　★　朝食無料サービス（時間はホテルへ）

他にも全室ドライヤー完備、アイロン・ズボンプレッサー貸出など過不足ないアメニティやサービスをご用意。
[...","4,678円/人（消費税込5,145円/人）"
ホテルリブマックスＢＵＤＧＥＴ相模原,神奈川県 大和・相模原・町田西部,"3,091円～（消費税込3,400円～）",【10時チェックアウト】スタンダードプラン！淵野辺駅北口徒歩2分,"～最寄駅からホテルまで～
ＪＲ横浜線 淵野辺駅 北口 徒歩2分

★☆定番人気のスタンダードプラン☆★
１番人気の素泊まりプランです!!!
ビジネスから観光まで幅広い年代の方に愛されてるプランです。

◆ご案内◆
　全プ...","3,637円～11,819円/人（消費税込4,000円～13,000円/人）"
ホテルリブマックスＢＵＤＧＥＴ相模原,神奈川県 大和・相模原・町田西部,"3,091円～（消費税込3,400円～）",【10時チェックアウト】『リブ得 』ホテルリブマックス最安値のスペシャルプラン☆淵野辺駅北口徒歩2分,"～最寄駅からホテルまで～
ＪＲ横浜線 淵野辺駅 北口 徒歩2分

★☆『リブ得 』ホテルリブマックス
　　　　　　　　最安値のスペシャルプラン☆★

　　～リブマックスからの新提案～
　　リブ得でお得にお気軽に。
　　リ...","3,091円～10,046円/人（消費税込3,400円～11,050円/人）"
ホテルリブマックスＢＵＤＧＥＴ相模原,神奈川県 大和・相模原・町田西部,"3,091円～（消費税込3,400円～）",【楽天トラベル限定】楽天ポイント２０倍+12時レイトチェックアウト付きプラン【素泊り】,"～最寄駅からホテルまで～
ＪＲ横浜線 淵野辺駅 北口 徒歩2分

★☆楽天ポイントが最大２０倍貯まる☆★
通常の付与ポイントの最大２０倍ポイントが付与されるプランです！
お得にポイントを貯めて色々買っちゃいましょう♪
も...","3,819円～12,410円/人（消費税込4,200円～13,650円/人）"
