Hotel Name,Address,Room Type,Room Price Detail
パレスホテル東京,東京都・丸の内／大手町地下通路直結 [全284室],デラックスキング（禁煙）,"['ポイント2%分利用で86,020円～2名税込84,300円～詳細･予約', 'ポイント16%分利用+割引で140,668円～朝食付2名税込102,814円～詳細･予約', 'ポイント7%分利用+割引で170,178円～夕食付2名税込137,695円～詳細･予約']"
パレスホテル東京,東京都・丸の内／大手町地下通路直結 [全284室],デラックスキング with バルコニー（禁煙）,"['ポイント7%分利用+割引で129,030円～2名税込114,004円～詳細･予約', 'ポイント16%分利用+割引で163,438円～朝食付2名税込119,456円～詳細･予約', 'ポイント7%分利用+割引で192,870円～夕食付2名税込156,058円～詳細･予約']"
パレスホテル東京,東京都・丸の内／大手町地下通路直結 [全284室],デラックスツイン with バルコニー（禁煙）,"['ポイント7%分利用+割引で129,030円～2名税込114,004円～詳細･予約', 'ポイント16%分利用+割引で163,438円～朝食付2名税込119,456円～詳細･予約', 'ポイント7%分利用+割引で192,870円～夕食付2名税込156,058円～詳細･予約']"
パレスホテル東京,東京都・丸の内／大手町地下通路直結 [全284室],クラブデラックスツイン with バルコニー（禁煙）,"['ポイント16%分利用+割引で178,366円～朝食付2名税込130,363円～詳細･予約']"
パレスホテル東京,東京都・丸の内／大手町地下通路直結 [全284室],クラブデラックスキング with バルコニー（禁煙）,"['ポイント16%分利用+割引で178,366円～朝食付2名税込130,363円～詳細･予約']"
パレスホテル東京,東京都・丸の内／大手町地下通路直結 [全284室],グランドデラックスツイン（禁煙）,"['ポイント2%分利用で137,886円～2名税込135,130円～詳細･予約', 'ポイント16%分利用+割引で182,414円～朝食付2名税込133,309円～詳細･予約', 'ポイント7%分利用+割引で204,216円～夕食付2名税込165,236円～詳細･予約']"
パレスホテル東京,東京都・丸の内／大手町地下通路直結 [全284室],クラブグランドデラックスツイン（禁煙）,"['ポイント16%分利用+割引で193,546円～朝食付2名税込141,458円～詳細･予約']"
パレスホテル東京,東京都・丸の内／大手町地下通路直結 [全284室],グランドデラックスキング with バルコニー（禁煙）,"['ポイント7%分利用+割引で189,750円～2名税込153,533円～詳細･予約', 'ポイント7%分利用+割引で201,388円～朝食付2名税込162,944円～詳細･予約']"
パレスホテル東京,東京都・丸の内／大手町地下通路直結 [全284室],クラブグランドデラックスキング with バルコニー（禁煙）,"['ポイント7%分利用+割引で215,050円～朝食付2名税込174,004円～詳細･予約']"
パレスホテル東京,東京都・丸の内／大手町地下通路直結 [全284室],エグゼクティブスイート（キング）,"['ポイント7%分利用+割引で278,300円～朝食付2名税込225,174円～詳細･予約']"
パレスホテル東京,東京都・丸の内／大手町地下通路直結 [全284室],ガーデンスイート（キング）,"['ポイント7%分利用+割引で359,260円～朝食付2名税込290,682円～詳細･予約']"
パレスホテル東京,東京都・丸の内／大手町地下通路直結 [全284室],プレミアスイート（キング）,"['ポイント7%分利用+割引で379,500円～朝食付2名税込307,058円～詳細･予約']"
パレスホテル東京,東京都・丸の内／大手町地下通路直結 [全284室],プレミアスイート （ツイン）,"['ポイント7%分利用+割引で379,500円～朝食付2名税込307,058円～詳細･予約']"
パレスホテル東京,東京都・丸の内／大手町地下通路直結 [全284室],パークスイート（ツイン）,"['ポイント7%分利用+割引で460,460円～朝食付2名税込372,559円～詳細･予約']"
パレスホテル東京,東京都・丸の内／大手町地下通路直結 [全284室],千代田スイート（ツイン）,"['ポイント2%分利用で404,800円～朝食付2名税込396,704円～詳細･予約']"
パレスホテル東京,東京都・丸の内／大手町地下通路直結 [全284室],テラススイート（都内最大 約40平米のテラス付）,"['ポイント7%分利用+割引で567,986円～朝食付2名税込459,561円～詳細･予約']"
ホテルシギラミラージュ,沖縄県・宮古島市 [全160室],スーペリアルーム（52平米/2-4階）＜眺望指定なし＞,"['ポイント12%分利用で45,560円～朝食付2名税込40,100円～詳細･予約']"
ホテルシギラミラージュ,沖縄県・宮古島市 [全160室],スーペリアルーム（52平米/5-8階）＜サンセットビュー＞,"['ポイント12%分利用で48,780円～朝食付2名税込42,936円～詳細･予約']"
ホテルシギラミラージュ,沖縄県・宮古島市 [全160室],デラックスルーム＜テラスジャグジー付＞,"['ポイント12%分利用で51,340円～朝食付2名税込45,184円～詳細･予約']"
ホテルシギラミラージュ,沖縄県・宮古島市 [全160室],スーペリアルーム（52平米/5-8階）＜オーシャンビュー＞,"['ポイント12%分利用で54,560円～朝食付2名税込48,020円～詳細･予約']"
ホテルシギラミラージュ,沖縄県・宮古島市 [全160室],ジュニアスイート＜デイベッド・テラスジャグジー付＞,"['ポイント12%分利用で57,460円～朝食付2名税込50,572円～詳細･予約']"
ホテルシギラミラージュ,沖縄県・宮古島市 [全160室],デラックススイート1ベッドルーム＜テラスジャグジー付＞,"['ポイント12%分利用で63,920円～朝食付2名税込56,252円～詳細･予約']"
ホテルシギラミラージュ,沖縄県・宮古島市 [全160室],プールヴィラプレミア1F　温水プライベートプール・ラウンジ,"['ポイント12%分利用で63,920円～朝食付2名税込56,252円～詳細･予約']"
ホテルシギラミラージュ,沖縄県・宮古島市 [全160室],【ドッグフレンドリールーム】プールヴィラプレミア1F,"['ポイント12%分利用で63,920円～朝食付2名税込56,252円～詳細･予約']"
ホテルシギラミラージュ,沖縄県・宮古島市 [全160室],プールヴィラプレミア2F　温水プライベートプール・ラウンジ,"['ポイント12%分利用で73,940円～朝食付2名税込65,072円～詳細･予約']"
ホテルシギラミラージュ,沖縄県・宮古島市 [全160室],ファミリープールスイート＜お子様用プライベートプール付＞,"['ポイント12%分利用で78,400円～朝食付2名税込68,992円～詳細･予約']"
ホテルシギラミラージュ,沖縄県・宮古島市 [全160室],ミラージュフロア・デラックススイート＜ラウンジ利用付＞,"['ポイント12%分利用で80,740円～朝食付2名税込71,056円～詳細･予約']"
ホテルシギラミラージュ,沖縄県・宮古島市 [全160室],デラックススイート2ベッドルーム＜ジャグジー付＞,"['ポイント12%分利用で90,240円～朝食付2名税込79,416円～詳細･予約']"
ホテルシギラミラージュ,沖縄県・宮古島市 [全160室],デラックススイート2ベッドルームデイベッド付＜ジャグジー付＞,"['ポイント12%分利用で90,240円～朝食付2名税込79,416円～詳細･予約']"
ホテルシギラミラージュ,沖縄県・宮古島市 [全160室],ミラージュフロア・プレミアスイート＜ラウンジ利用付＞,"['ポイント12%分利用で94,420円～朝食付2名税込83,092円～詳細･予約']"
ホテルシギラミラージュ,沖縄県・宮古島市 [全160室],プールヴィラプレミア メゾネット　温水プライベートプール付,"['ポイント12%分利用で94,420円～朝食付2名税込83,092円～詳細･予約']"
ホテルシギラミラージュ,沖縄県・宮古島市 [全160室],ミラージュフロア・ガーデンプールスイート＜ラウンジ利用付＞,"['ポイント12%分利用で109,000円～朝食付2名税込95,920円～詳細･予約']"
熱海・伊豆山 佳ら久（ORIX HOTELS＆RESORTS）,静岡県・熱海・伊豆山  / 熱海温泉[全57室],デラックスルーム低層階（和タイプ）2名定員,"['ポイント15%分利用で93,060円～夕朝食付2名税込79,110円～詳細･予約', 'ポイント15%分利用で99,000円～朝食付2名税込84,150円～詳細･予約']"
熱海・伊豆山 佳ら久（ORIX HOTELS＆RESORTS）,静岡県・熱海・伊豆山  / 熱海温泉[全57室],デラックスルーム低層階（和タイプ）4名定員,"['ポイント15%分利用で93,060円～夕朝食付2名税込79,110円～詳細･予約', 'ポイント15%分利用で105,600円～朝食付2名税込89,760円～詳細･予約']"
熱海・伊豆山 佳ら久（ORIX HOTELS＆RESORTS）,静岡県・熱海・伊豆山  / 熱海温泉[全57室],デラックスルーム低層階（洋タイプ）2名定員,"['ポイント15%分利用で93,060円～夕朝食付2名税込79,110円～詳細･予約', 'ポイント15%分利用で99,000円～朝食付2名税込84,150円～詳細･予約']"
熱海・伊豆山 佳ら久（ORIX HOTELS＆RESORTS）,静岡県・熱海・伊豆山  / 熱海温泉[全57室],デラックスルーム低層階（洋タイプ）3名定員,"['ポイント15%分利用で93,060円～夕朝食付2名税込79,110円～詳細･予約', 'ポイント15%分利用で105,600円～朝食付2名税込89,760円～詳細･予約']"
熱海・伊豆山 佳ら久（ORIX HOTELS＆RESORTS）,静岡県・熱海・伊豆山  / 熱海温泉[全57室],デラックスルーム高層階（和タイプ）2名定員,"['ポイント15%分利用で102,960円～夕朝食付2名税込87,525円～詳細･予約', 'ポイント15%分利用で110,000円～朝食付2名税込93,500円～詳細･予約']"
熱海・伊豆山 佳ら久（ORIX HOTELS＆RESORTS）,静岡県・熱海・伊豆山  / 熱海温泉[全57室],デラックスルーム高層階（和タイプ）3名定員,"['ポイント15%分利用で102,960円～夕朝食付2名税込87,525円～詳細･予約', 'ポイント15%分利用で116,600円～朝食付2名税込99,110円～詳細･予約']"
熱海・伊豆山 佳ら久（ORIX HOTELS＆RESORTS）,静岡県・熱海・伊豆山  / 熱海温泉[全57室],デラックスルーム高層階（和タイプ）4名定員,"['ポイント15%分利用で102,960円～夕朝食付2名税込87,525円～詳細･予約', 'ポイント15%分利用で116,600円～朝食付2名税込99,110円～詳細･予約']"
熱海・伊豆山 佳ら久（ORIX HOTELS＆RESORTS）,静岡県・熱海・伊豆山  / 熱海温泉[全57室],デラックスルーム高層階（洋タイプ）2名定員,"['ポイント15%分利用で102,960円～夕朝食付2名税込87,525円～詳細･予約', 'ポイント15%分利用で116,600円～朝食付2名税込99,110円～詳細･予約']"
熱海・伊豆山 佳ら久（ORIX HOTELS＆RESORTS）,静岡県・熱海・伊豆山  / 熱海温泉[全57室],デラックスルーム高層階（洋タイプ）4名定員,"['ポイント15%分利用で102,960円～夕朝食付2名税込87,525円～詳細･予約']"
熱海・伊豆山 佳ら久（ORIX HOTELS＆RESORTS）,静岡県・熱海・伊豆山  / 熱海温泉[全57室],デラックスルーム低層階（和タイプ）3名定員,"['ポイント15%分利用で105,600円～朝食付2名税込89,760円～詳細･予約', 'ポイント15%分利用で110,880円～夕朝食付2名税込94,260円～詳細･予約']"
熱海・伊豆山 佳ら久（ORIX HOTELS＆RESORTS）,静岡県・熱海・伊豆山  / 熱海温泉[全57室],デラックスルーム低層階（洋タイプ）4名定員,"['ポイント15%分利用で105,600円～朝食付2名税込89,760円～詳細･予約', 'ポイント15%分利用で110,880円～夕朝食付2名税込94,260円～詳細･予約']"
熱海・伊豆山 佳ら久（ORIX HOTELS＆RESORTS）,静岡県・熱海・伊豆山  / 熱海温泉[全57室],佳ら久ルーム　露天風呂付（洋タイプ）2名定員,"['ポイント15%分利用で112,860円～夕朝食付2名税込95,940円～詳細･予約']"
熱海・伊豆山 佳ら久（ORIX HOTELS＆RESORTS）,静岡県・熱海・伊豆山  / 熱海温泉[全57室],佳ら久ルーム　露天風呂付（洋タイプ）3名定員,"['ポイント15%分利用で112,860円～夕朝食付2名税込95,940円～詳細･予約', 'ポイント15%分利用で147,400円～朝食付2名税込125,290円～詳細･予約']"
熱海・伊豆山 佳ら久（ORIX HOTELS＆RESORTS）,静岡県・熱海・伊豆山  / 熱海温泉[全57室],デラックスルーム高層階（洋タイプ）3名定員,"['ポイント15%分利用で114,840円～夕朝食付2名税込97,620円～詳細･予約']"
ザ・キャピトルホテル 東急,東京都・溜池山王駅・国会議事堂前駅直結 [全251室],デラックスハリウッドツイン【禁煙】,"['ポイント17%分利用+割引で101,832円～2名税込76,078円～詳細･予約', 'ポイント17%分利用+割引で113,470円～朝食付2名税込84,767円～詳細･予約']"
ザ・キャピトルホテル 東急,東京都・溜池山王駅・国会議事堂前駅直結 [全251室],デラックスキング【禁煙】,"['ポイント17%分利用+割引で101,832円～2名税込76,078円～詳細･予約', 'ポイント17%分利用+割引で113,470円～朝食付2名税込84,767円～詳細･予約']"
ザ・キャピトルホテル 東急,東京都・溜池山王駅・国会議事堂前駅直結 [全251室],デラックスキング【喫煙】,"['ポイント17%分利用+割引で109,104円～2名税込81,517円～詳細･予約', 'ポイント17%分利用+割引で120,742円～朝食付2名税込90,206円～詳細･予約']"
ザ・キャピトルホテル 東急,東京都・溜池山王駅・国会議事堂前駅直結 [全251室],プレミアコーナーツイン【禁煙】,"['ポイント17%分利用+割引で130,926円～2名税込97,808円～詳細･予約', 'ポイント17%分利用+割引で142,564円～朝食付2名税込106,497円～詳細･予約']"
ザ・キャピトルホテル 東急,東京都・溜池山王駅・国会議事堂前駅直結 [全251室],プレミアコーナーキング【禁煙】,"['ポイント17%分利用+割引で130,926円～2名税込97,808円～詳細･予約', 'ポイント17%分利用+割引で142,564円～朝食付2名税込106,497円～詳細･予約']"
ザ・キャピトルホテル 東急,東京都・溜池山王駅・国会議事堂前駅直結 [全251室],プレミアコーナーツイン【喫煙】,"['ポイント17%分利用+割引で138,200円～2名税込103,249円～詳細･予約']"
ザ・キャピトルホテル 東急,東京都・溜池山王駅・国会議事堂前駅直結 [全251室],プレミアコーナーツイン ビューバス【禁煙】,"['ポイント17%分利用+割引で138,200円～2名税込103,249円～詳細･予約', 'ポイント17%分利用+割引で169,444円～朝食付2名税込126,575円～詳細･予約']"
ザ・キャピトルホテル 東急,東京都・溜池山王駅・国会議事堂前駅直結 [全251室],プレミアコーナーキング ビューバス【禁煙】,"['ポイント17%分利用+割引で138,200円～2名税込103,249円～詳細･予約', 'ポイント17%分利用+割引で169,444円～朝食付2名税込126,575円～詳細･予約']"
ザ・キャピトルホテル 東急,東京都・溜池山王駅・国会議事堂前駅直結 [全251室],クラブデラックスキング【禁煙】,"['ポイント17%分利用+割引で145,474円～朝食付2名税込108,675円～詳細･予約']"
ザ・キャピトルホテル 東急,東京都・溜池山王駅・国会議事堂前駅直結 [全251室],クラブデラックスハリウッド【禁煙】,"['ポイント17%分利用+割引で145,474円～朝食付2名税込108,675円～詳細･予約']"
ザ・キャピトルホテル 東急,東京都・溜池山王駅・国会議事堂前駅直結 [全251室],プレミアキング【禁煙】,"['ポイント17%分利用+割引で145,474円～2名税込108,675円～詳細･予約', 'ポイント17%分利用+割引で157,112円～朝食付2名税込117,364円～詳細･予約']"
ザ・キャピトルホテル 東急,東京都・溜池山王駅・国会議事堂前駅直結 [全251室],ユニバーサルコーナーツイン【禁煙】,"['ポイント17%分利用+割引で167,548円～朝食付2名税込125,175円～詳細･予約']"
ザ・キャピトルホテル 東急,東京都・溜池山王駅・国会議事堂前駅直結 [全251室],クラブプレミアコーナーツイン【禁煙】,"['ポイント17%分利用+割引で189,116円～朝食付2名税込141,272円～詳細･予約']"
ザ・キャピトルホテル 東急,東京都・溜池山王駅・国会議事堂前駅直結 [全251室],ドッグフレンドリープレミアコーナーツイン【禁煙】,"['ポイント17%分利用+割引で199,164円～朝食付2名税込148,784円～詳細･予約']"
ザ・キャピトルホテル 東急,東京都・溜池山王駅・国会議事堂前駅直結 [全251室],クラブプレミアキング【禁煙】,"['ポイント17%分利用+割引で203,664円～朝食付2名税込152,154円～詳細･予約']"
ザ・キャピトルホテル 東急,東京都・溜池山王駅・国会議事堂前駅直結 [全251室],ドッグフレンドリープレミアキング【禁煙】,"['ポイント17%分利用+割引で213,712円～朝食付2名税込159,651円～詳細･予約']"
ザ・キャピトルホテル 東急,東京都・溜池山王駅・国会議事堂前駅直結 [全251室],コネクティングルーム【禁煙】,"['ポイント17%分利用+割引で232,760円～2名税込173,886円～詳細･予約', 'ポイント17%分利用+割引で244,398円～朝食付2名税込182,577円～詳細･予約']"
ザ・キャピトルホテル 東急,東京都・溜池山王駅・国会議事堂前駅直結 [全251室],ジュニアスイート【禁煙】,"['ポイント17%分利用+割引で247,306円～朝食付2名税込184,751円～詳細･予約']"
ザ・キャピトルホテル 東急,東京都・溜池山王駅・国会議事堂前駅直結 [全251室],エグゼクティブスイート　キング　【禁煙】,"['ポイント17%分利用+割引で436,424円～朝食付2名税込326,023円～詳細･予約']"
ザ・キャピトルホテル 東急,東京都・溜池山王駅・国会議事堂前駅直結 [全251室],エグゼクティブスイート　ツイン【禁煙】,"['ポイント17%分利用+割引で436,424円～朝食付2名税込326,023円～詳細･予約']"
ザ・キャピトルホテル 東急,東京都・溜池山王駅・国会議事堂前駅直結 [全251室],ガーデンスイート ツイン 【禁煙】,"['ポイント17%分利用+割引で581,900円～朝食付2名税込434,681円～詳細･予約']"
シギラベイサイドスイート アラマンダ,沖縄県・宮古島 [全174室],ジャグジースイート・グリーンビュー1F＜テラスジャグジー付＞,"['ポイント20%分利用で34,340円～朝食付2名税込27,480円～詳細･予約']"
シギラベイサイドスイート アラマンダ,沖縄県・宮古島 [全174室],スーペリアスイート1F-4F＜デイベッド付＞,"['ポイント20%分利用で36,200円～朝食付2名税込28,960円～詳細･予約']"
シギラベイサイドスイート アラマンダ,沖縄県・宮古島 [全174室],ジャグジースイート1F-4F＜キッチン・テラスジャグジー付＞,"['ポイント20%分利用で39,100円～朝食付2名税込31,280円～詳細･予約']"
シギラベイサイドスイート アラマンダ,沖縄県・宮古島 [全174室],プールヴィララグーンスイート 1F-3F＜ラウンジ利用付＞,"['ポイント20%分利用で45,900円～朝食付2名税込36,720円～詳細･予約']"
シギラベイサイドスイート アラマンダ,沖縄県・宮古島 [全174室],プールヴィララグーンスイート ダブルルーム3F　ラウンジ利用,"['ポイント20%分利用で45,900円～朝食付2名税込36,720円～詳細･予約']"
シギラベイサイドスイート アラマンダ,沖縄県・宮古島 [全174室],プールヴィララグーンスイート最上階・4F＜ラウンジ利用付＞,"['ポイント20%分利用で51,340円～朝食付2名税込41,080円～詳細･予約']"
シギラベイサイドスイート アラマンダ,沖縄県・宮古島 [全174室],＜愛犬ルーム＞プールヴィララグーンスイート1F　ラウンジ利用,"['ポイント20%分利用で54,000円～朝食付2名税込43,200円～詳細･予約']"
シギラベイサイドスイート アラマンダ,沖縄県・宮古島 [全174室],部屋タイプ指定なし（禁煙）,"['ポイント20%分利用で63,800円～朝食付2名税込51,040円～詳細･予約']"
シギラベイサイドスイート アラマンダ,沖縄県・宮古島 [全174室],プールヴィラロイヤルスイート＜温水プール・サウナ・ラウンジ＞,"['ポイント20%分利用で67,660円～朝食付2名税込54,140円～詳細･予約']"
ホテルニューグランド,神奈川県・横浜・山下町 [全230室],タワー館スタンダード　ツイン（禁煙）,"['ポイント10%分利用で22,000円～2名税込19,800円～詳細･予約', 'ポイント10%分利用で30,200円～朝食付2名税込27,180円～詳細･予約', 'ポイント10%分利用で44,800円～夕朝食付2名税込40,320円～詳細･予約']"
ホテルニューグランド,神奈川県・横浜・山下町 [全230室],タワー館スタンダードツイン（喫煙）,"['ポイント10%分利用で22,000円～2名税込19,800円～詳細･予約', 'ポイント10%分利用で30,200円～朝食付2名税込27,180円～詳細･予約', 'ポイント10%分利用で44,800円～夕朝食付2名税込40,320円～詳細･予約']"
ホテルニューグランド,神奈川県・横浜・山下町 [全230室],本館グランドダブル（禁煙）,"['ポイント10%分利用で23,000円～2名税込20,700円～詳細･予約', 'ポイント10%分利用で31,200円～朝食付2名税込28,080円～詳細･予約']"
ホテルニューグランド,神奈川県・横浜・山下町 [全230室],本館グランドツイン（禁煙）,"['ポイント10%分利用で23,000円～2名税込20,700円～詳細･予約', 'ポイント10%分利用で31,200円～朝食付2名税込28,080円～詳細･予約']"
ホテルニューグランド,神奈川県・横浜・山下町 [全230室],タワー館スタンダード　ベイビューコーナーダブル（禁煙）,"['ポイント10%分利用で25,000円～2名税込22,500円～詳細･予約', 'ポイント10%分利用で33,200円～朝食付2名税込29,880円～詳細･予約', 'ポイント10%分利用で50,800円～夕朝食付2名税込45,720円～詳細･予約']"
ホテルニューグランド,神奈川県・横浜・山下町 [全230室],タワー館スタンダード　ベイビューハリウッドツイン（禁煙）,"['ポイント10%分利用で25,000円～2名税込22,500円～詳細･予約', 'ポイント10%分利用で33,200円～朝食付2名税込29,880円～詳細･予約', 'ポイント10%分利用で50,800円～夕朝食付2名税込45,720円～詳細･予約']"
ホテルニューグランド,神奈川県・横浜・山下町 [全230室],タワー館スタンダード　ベイビューコーナーダブル（喫煙）,"['ポイント10%分利用で25,000円～2名税込22,500円～詳細･予約', 'ポイント10%分利用で33,200円～朝食付2名税込29,880円～詳細･予約', 'ポイント10%分利用で50,800円～夕朝食付2名税込45,720円～詳細･予約']"
ホテルニューグランド,神奈川県・横浜・山下町 [全230室],タワー館スタンダード　ベイビューハリウッドツイン（喫煙）,"['ポイント10%分利用で25,000円～2名税込22,500円～詳細･予約', 'ポイント10%分利用で33,200円～朝食付2名税込29,880円～詳細･予約', 'ポイント10%分利用で50,800円～夕朝食付2名税込45,720円～詳細･予約']"
ホテルニューグランド,神奈川県・横浜・山下町 [全230室],タワー館スーペリアフロア　タワーサイドツイン（禁煙）,"['ポイント10%分利用で25,000円～2名税込22,500円～詳細･予約', 'ポイント10%分利用で33,200円～朝食付2名税込29,880円～詳細･予約']"
ホテルニューグランド,神奈川県・横浜・山下町 [全230室],タワー館スーペリアフロア　タワーサイドダブル（禁煙）,"['ポイント10%分利用で25,000円～2名税込22,500円～詳細･予約', 'ポイント10%分利用で33,200円～朝食付2名税込29,880円～詳細･予約']"
ホテルニューグランド,神奈川県・横浜・山下町 [全230室],本館グランドデラックスツイン（禁煙）,"['ポイント10%分利用で26,000円～2名税込23,400円～詳細･予約', 'ポイント10%分利用で34,200円～朝食付2名税込30,780円～詳細･予約', 'ポイント10%分利用で51,800円～夕朝食付2名税込46,620円～詳細･予約']"
ホテルニューグランド,神奈川県・横浜・山下町 [全230室],タワー館スーペリアフロア　ベイサイドツイン（禁煙）,"['ポイント10%分利用で26,000円～2名税込23,400円～詳細･予約', 'ポイント10%分利用で34,200円～朝食付2名税込30,780円～詳細･予約', 'ポイント10%分利用で51,800円～夕朝食付2名税込46,620円～詳細･予約']"
ホテルニューグランド,神奈川県・横浜・山下町 [全230室],タワー館スーペリアフロア　ベイサイドダブル（禁煙）,"['ポイント10%分利用で26,000円～2名税込23,400円～詳細･予約', 'ポイント10%分利用で34,200円～朝食付2名税込30,780円～詳細･予約', 'ポイント10%分利用で51,800円～夕朝食付2名税込46,620円～詳細･予約']"
ホテルニューグランド,神奈川県・横浜・山下町 [全230室],タワー館スーペリアフロア　ベイフロントハリウッドツイン（禁煙,"['ポイント10%分利用で28,000円～2名税込25,200円～詳細･予約', 'ポイント10%分利用で36,200円～朝食付2名税込32,580円～詳細･予約', 'ポイント10%分利用で53,800円～夕朝食付2名税込48,420円～詳細･予約']"
ホテルニューグランド,神奈川県・横浜・山下町 [全230室],タワー館スーペリアフロア　ベイフロントコーナーダブル（禁煙）,"['ポイント10%分利用で28,000円～2名税込25,200円～詳細･予約', 'ポイント10%分利用で36,200円～朝食付2名税込32,580円～詳細･予約', 'ポイント10%分利用で53,800円～夕朝食付2名税込48,420円～詳細･予約']"
ホテルニューグランド,神奈川県・横浜・山下町 [全230室],タワー館グランドクラブフロア　高層階ツイン（禁煙）,"['ポイント10%分利用で33,000円～2名税込29,700円～詳細･予約', 'ポイント10%分利用で41,200円～朝食付2名税込37,080円～詳細･予約', 'ポイント10%分利用で58,800円～夕朝食付2名税込52,920円～詳細･予約']"
ホテルニューグランド,神奈川県・横浜・山下町 [全230室],タワー館グランドクラブフロア　高層階ダブル（禁煙）,"['ポイント10%分利用で33,000円～2名税込29,700円～詳細･予約', 'ポイント10%分利用で41,200円～朝食付2名税込37,080円～詳細･予約', 'ポイント10%分利用で58,800円～夕朝食付2名税込52,920円～詳細･予約']"
ホテルニューグランド,神奈川県・横浜・山下町 [全230室],タワー館グランドクラブフロア　ベイビューハリウッドツイン禁煙,"['ポイント10%分利用で36,000円～2名税込32,400円～詳細･予約', 'ポイント10%分利用で44,200円～朝食付2名税込39,780円～詳細･予約']"
ホテルニューグランド,神奈川県・横浜・山下町 [全230室],タワー館グランドクラブフロア　ベイビューコーナーダブル（禁煙,"['ポイント10%分利用で36,000円～2名税込32,400円～詳細･予約', 'ポイント10%分利用で44,200円～朝食付2名税込39,780円～詳細･予約']"
ホテルニューグランド,神奈川県・横浜・山下町 [全230室],タワー館スーペリアフロア　ベイサイドツイン（AT）,"['ポイント10%分利用で60,400円～朝食付2名税込54,360円～詳細･予約']"
ホテルニューグランド,神奈川県・横浜・山下町 [全230室],本館グランドスイート　ツイン（禁煙）,"['ポイント10%分利用で81,000円～2名税込72,900円～詳細･予約', 'ポイント10%分利用で89,200円～朝食付2名税込80,280円～詳細･予約']"
ホテルニューグランド,神奈川県・横浜・山下町 [全230室],本館グランドスイート　ダブル（禁煙）,"['ポイント10%分利用で81,000円～2名税込72,900円～詳細･予約', 'ポイント10%分利用で89,200円～朝食付2名税込80,280円～詳細･予約']"
ホテルニューグランド,神奈川県・横浜・山下町 [全230室],タワー館グランドクラブフロア　セミスイートハリウッドツイン,"['ポイント10%分利用で81,000円～2名税込72,900円～詳細･予約', 'ポイント10%分利用で89,200円～朝食付2名税込80,280円～詳細･予約']"
ホテルニューグランド,神奈川県・横浜・山下町 [全230室],タワー館グランドクラブフロア　プルミエスイート　ツイン（禁煙,"['ポイント10%分利用で86,000円～2名税込77,400円～詳細･予約', 'ポイント10%分利用で94,200円～朝食付2名税込84,780円～詳細･予約', 'ポイント10%分利用で134,800円～夕朝食付2名税込121,320円～詳細･予約']"
ホテルニューグランド,神奈川県・横浜・山下町 [全230室],タワー館グランドクラブフロア　プルミエスイート　ダブル（禁煙,"['ポイント10%分利用で86,000円～2名税込77,400円～詳細･予約', 'ポイント10%分利用で94,200円～朝食付2名税込84,780円～詳細･予約', 'ポイント10%分利用で134,800円～夕朝食付2名税込121,320円～詳細･予約']"
ハレクラニ沖縄,沖縄県・恩納村 [全360室],デラックスオーシャンビュー キング,"['ポイント2%分利用で56,926円～2名税込55,788円～詳細･予約', 'ポイント2%分利用で58,064円～朝食付2名税込56,904円～詳細･予約']"
ハレクラニ沖縄,沖縄県・恩納村 [全360室],デラックスオーシャンビュー ツイン,"['ポイント2%分利用で56,926円～2名税込55,788円～詳細･予約', 'ポイント2%分利用で58,064円～朝食付2名税込56,904円～詳細･予約']"
ハレクラニ沖縄,沖縄県・恩納村 [全360室],デラックスオーシャンビュー サンセットウイング ツイン,"['ポイント2%分利用で56,926円～2名税込55,788円～詳細･予約', 'ポイント2%分利用で58,064円～朝食付2名税込56,904円～詳細･予約']"
ハレクラニ沖縄,沖縄県・恩納村 [全360室],デラックスオーシャンビュー サンセットウイング キング,"['ポイント2%分利用で60,720円～2名税込59,506円～詳細･予約', 'ポイント2%分利用で61,290円～朝食付2名税込60,066円～詳細･予約']"
ハレクラニ沖縄,沖縄県・恩納村 [全360室],プレミアオーシャンビュー キング,"['ポイント2%分利用で64,516円～2名税込63,226円～詳細･予約', 'ポイント2%分利用で64,516円～朝食付2名税込63,226円～詳細･予約']"
ハレクラニ沖縄,沖縄県・恩納村 [全360室],プレミアオーシャンビュー ツイン,"['ポイント2%分利用で64,516円～2名税込63,226円～詳細･予約', 'ポイント2%分利用で64,516円～朝食付2名税込63,226円～詳細･予約']"
ハレクラニ沖縄,沖縄県・恩納村 [全360室],プレミアオーシャンフロント キング,"['ポイント2%分利用で70,966円～朝食付2名税込69,548円～詳細･予約', 'ポイント2%分利用で72,106円～2名税込70,664円～詳細･予約']"
ハレクラニ沖縄,沖縄県・恩納村 [全360室],プレミアオーシャンフロント ツイン,"['ポイント2%分利用で70,966円～朝食付2名税込69,548円～詳細･予約', 'ポイント2%分利用で72,106円～2名税込70,664円～詳細･予約']"
ハレクラニ沖縄,沖縄県・恩納村 [全360室],エグゼクティブオーシャンスイート キング,"['ポイント2%分利用で103,224円～朝食付2名税込101,160円～詳細･予約', 'ポイント2%分利用で110,056円～2名税込107,856円～詳細･予約']"
ハレクラニ沖縄,沖縄県・恩納村 [全360室],エグゼクティブオーシャンフロントスイート ツイン,"['ポイント2%分利用で109,676円～朝食付2名税込107,484円～詳細･予約', 'ポイント2%分利用で117,646円～2名税込115,294円～詳細･予約']"
ハレクラニ沖縄,沖縄県・恩納村 [全360室],エグゼクティブオーシャンフロントスイート キング,"['ポイント2%分利用で109,676円～朝食付2名税込107,484円～詳細･予約', 'ポイント2%分利用で117,646円～2名税込115,294円～詳細･予約']"
ハレクラニ沖縄,沖縄県・恩納村 [全360室],プレミアクラブオーシャンフロント キング　※ラウンジ利用付※,"['ポイント2%分利用で109,676円～朝食付2名税込107,484円～詳細･予約', 'ポイント2%分利用で117,646円～2名税込115,294円～詳細･予約']"
ハレクラニ沖縄,沖縄県・恩納村 [全360室],プレミアクラブオーシャンフロント ツイン　※ラウンジ利用付※,"['ポイント2%分利用で109,676円～朝食付2名税込107,484円～詳細･予約', 'ポイント2%分利用で117,646円～2名税込115,294円～詳細･予約']"
ハレクラニ沖縄,沖縄県・恩納村 [全360室],コーラルスイート ツイン,"['ポイント2%分利用で151,610円～朝食付2名税込148,578円～詳細･予約', 'ポイント2%分利用で166,980円～2名税込163,642円～詳細･予約']"
ハレクラニ沖縄,沖縄県・恩納村 [全360室],コーラルスイート キング,"['ポイント2%分利用で151,610円～朝食付2名税込148,578円～詳細･予約', 'ポイント2%分利用で166,980円～2名税込163,642円～詳細･予約']"
ハレクラニ沖縄,沖縄県・恩納村 [全360室],クリフヴィラ　※ラウンジ利用・専用プール・天然温泉付※,"['ポイント2%分利用で277,414円～朝食付2名税込271,866円～詳細･予約', 'ポイント2%分利用で314,986円～2名税込308,688円～詳細･予約']"
ハレクラニ沖縄,沖縄県・恩納村 [全360室],ハレクラニクリフヴィラ　※ラウンジ利用・プール・天然温泉付※,"['ポイント2%分利用で490,314円～朝食付2名税込480,508円～詳細･予約', 'ポイント2%分利用で565,456円～2名税込554,148円～詳細･予約']"
シャングリ・ラ 東京,東京都・丸の内・東京駅隣接 [全200室],【禁煙】デラックスキングルーム,"['ポイント2%分利用+割引で107,524円～2名税込84,300円～詳細･予約', 'ポイント2%分利用+割引で123,210円～朝食付2名税込96,598円～詳細･予約']"
シャングリ・ラ 東京,東京都・丸の内・東京駅隣接 [全200室],【禁煙】デラックスツインルーム,"['ポイント2%分利用+割引で107,524円～2名税込84,300円～詳細･予約', 'ポイント2%分利用+割引で123,210円～朝食付2名税込96,598円～詳細･予約']"
シャングリ・ラ 東京,東京都・丸の内・東京駅隣接 [全200室],【禁煙】デラックス インペリアルガーデンビューキングルーム,"['ポイント2%分利用+割引で113,850円～2名税込89,260円～詳細･予約', 'ポイント2%分利用+割引で129,536円～朝食付2名税込101,558円～詳細･予約']"
シャングリ・ラ 東京,東京都・丸の内・東京駅隣接 [全200室],【禁煙】デラックス インペリアルガーデンビューツインルーム,"['ポイント2%分利用+割引で113,850円～2名税込89,260円～詳細･予約', 'ポイント2%分利用+割引で129,536円～朝食付2名税込101,558円～詳細･予約']"
シャングリ・ラ 東京,東京都・丸の内・東京駅隣接 [全200室],【禁煙】プレミアルーム,"['ポイント2%分利用+割引で132,824円～2名税込104,136円～詳細･予約', 'ポイント2%分利用+割引で148,510円～朝食付2名税込116,432円～詳細･予約']"
シャングリ・ラ 東京,東京都・丸の内・東京駅隣接 [全200室],ホライゾンデラックスキングルーム,"['ポイント2%分利用+割引で151,800円～朝食付2名税込119,012円～詳細･予約']"
シャングリ・ラ 東京,東京都・丸の内・東京駅隣接 [全200室],ホライゾンデラックスインペリアルガーデンビューキングルーム,"['ポイント2%分利用+割引で158,124円～朝食付2名税込123,970円～詳細･予約']"
シャングリ・ラ 東京,東京都・丸の内・東京駅隣接 [全200室],ホライゾンデラックスインペリアルガーデンビューツインルーム,"['ポイント2%分利用+割引で158,124円～朝食付2名税込123,970円～詳細･予約']"
シャングリ・ラ 東京,東京都・丸の内・東京駅隣接 [全200室],ホライゾンデラックスツインルーム,"['ポイント2%分利用+割引で164,450円～朝食付2名税込128,930円～詳細･予約']"
シャングリ・ラ 東京,東京都・丸の内・東京駅隣接 [全200室],【禁煙】エグゼクティブスイート,"['ポイント2%分利用+割引で170,774円～朝食付2名税込133,888円～詳細･予約']"
シャングリ・ラ 東京,東京都・丸の内・東京駅隣接 [全200室],【禁煙】プレミアスイート（部屋タイプお任せツインorキング）,"['ポイント2%分利用+割引で297,274円～朝食付2名税込233,064円～詳細･予約']"
熱海パールスターホテル,静岡県・熱海  / 熱海温泉[全87室],スーペリア オーシャンビュー 室礼,"['ポイント15%分利用で64,250円～朝食付2名税込54,620円～詳細･予約', 'ポイント15%分利用で93,884円～夕朝食付2名税込79,814円～詳細･予約']"
熱海パールスターホテル,静岡県・熱海  / 熱海温泉[全87室],スーペリアオーシャンビュー“ROTEN”,"['ポイント15%分利用で75,250円～朝食付2名税込63,970円～詳細･予約', 'ポイント15%分利用で121,866円～夕朝食付2名税込103,596円～詳細･予約']"
熱海パールスターホテル,静岡県・熱海  / 熱海温泉[全87室],デラックス　オーシャンビュー　“ROTEN”　（高層階）,"['ポイント15%分利用で86,140円～朝食付2名税込73,225円～詳細･予約', 'ポイント15%分利用で132,212円～夕朝食付2名税込112,382円～詳細･予約']"
熱海パールスターホテル,静岡県・熱海  / 熱海温泉[全87室],デラックス　オーシャンビュー　“ROTEN”　室礼,"['ポイント15%分利用で86,140円～朝食付2名税込73,225円～詳細･予約', 'ポイント15%分利用で132,212円～夕朝食付2名税込112,382円～詳細･予約']"
熱海パールスターホテル,静岡県・熱海  / 熱海温泉[全87室],DX オーシャンビュー “VIEW BATH” 室礼,"['ポイント15%分利用で109,340円～朝食付2名税込92,945円～詳細･予約', 'ポイント15%分利用で127,974円～夕朝食付2名税込108,789円～詳細･予約']"
熱海パールスターホテル,静岡県・熱海  / 熱海温泉[全87室],【バリアフリー対応】ユニバーサル オーシャンビュー ツイン,"['ポイント15%分利用で109,340円～朝食付2名税込92,945円～詳細･予約', 'ポイント15%分利用で143,802円～夕朝食付2名税込122,232円～詳細･予約']"
熱海パールスターホテル,静岡県・熱海  / 熱海温泉[全87室],スイート　ヒルサイド　“TERRACE BATH”　（街側）,"['ポイント15%分利用で163,350円～朝食付2名税込138,855円～詳細･予約', 'ポイント15%分利用で195,110円～夕朝食付2名税込165,845円～詳細･予約']"
熱海パールスターホテル,静岡県・熱海  / 熱海温泉[全87室],スイートヒルサイド“TERRACE BATH”室礼（街側）,"['ポイント15%分利用で163,350円～朝食付2名税込138,855円～詳細･予約', 'ポイント15%分利用で195,110円～夕朝食付2名税込165,845円～詳細･予約']"
熱海パールスターホテル,静岡県・熱海  / 熱海温泉[全87室],ジュニアスイート　オーシャンビュー　“ROTEN”,"['ポイント15%分利用で179,684円～朝食付2名税込152,744円～詳細･予約', 'ポイント15%分利用で210,630円～夕朝食付2名税込179,040円～詳細･予約']"
熱海パールスターホテル,静岡県・熱海  / 熱海温泉[全87室],プレミアスイート　オーシャンビュー　“ROTEN”,"['ポイント15%分利用で359,370円～朝食付2名税込305,475円～詳細･予約', 'ポイント15%分利用で381,330円～夕朝食付2名税込324,135円～詳細･予約']"
seven x seven （セブンバイセブン）石垣,沖縄県・石垣市 [全121室],スーペリアバンク,"['ポイント30%分利用で35,156円～2名税込24,626円～詳細･予約', 'ポイント30%分利用で42,156円～朝食付2名税込29,526円～詳細･予約']"
seven x seven （セブンバイセブン）石垣,沖縄県・石垣市 [全121室],スーペリアツイン,"['ポイント30%分利用で36,736円～2名税込25,726円～詳細･予約', 'ポイント30%分利用で43,736円～朝食付2名税込30,626円～詳細･予約']"
seven x seven （セブンバイセブン）石垣,沖縄県・石垣市 [全121室],スーペリアツイン（オーシャンビュー）,"['ポイント30%分利用で39,500円～2名税込27,650円～詳細･予約', 'ポイント30%分利用で46,500円～朝食付2名税込32,550円～詳細･予約']"
seven x seven （セブンバイセブン）石垣,沖縄県・石垣市 [全121室],コーナースーペリア（プールビュー）,"['ポイント30%分利用で41,080円～2名税込28,780円～詳細･予約', 'ポイント30%分利用で48,080円～朝食付2名税込33,680円～詳細･予約']"
seven x seven （セブンバイセブン）石垣,沖縄県・石垣市 [全121室],スーペリアツイン（バリアフリー）,"['ポイント15%分利用で35,600円～2名税込30,260円～詳細･予約', 'ポイント15%分利用で42,600円～朝食付2名税込36,210円～詳細･予約']"
seven x seven （セブンバイセブン）石垣,沖縄県・石垣市 [全121室],コーナースーペリア（オーシャンビュー）,"['ポイント30%分利用で45,030円～2名税込31,530円～詳細･予約', 'ポイント30%分利用で52,030円～朝食付2名税込36,430円～詳細･予約']"
seven x seven （セブンバイセブン）石垣,沖縄県・石垣市 [全121室],タタミエグゼクティブバンク（プールビュー）,"['ポイント30%分利用で50,560円～2名税込35,410円～詳細･予約', 'ポイント30%分利用で57,560円～朝食付2名税込40,310円～詳細･予約']"
seven x seven （セブンバイセブン）石垣,沖縄県・石垣市 [全121室],エグゼクティブバンク （プールビュー）,"['ポイント30%分利用で50,560円～2名税込35,410円～詳細･予約', 'ポイント30%分利用で57,560円～朝食付2名税込40,310円～詳細･予約']"
seven x seven （セブンバイセブン）石垣,沖縄県・石垣市 [全121室],タタミエグゼクティブツイン,"['ポイント30%分利用で52,140円～2名税込36,510円～詳細･予約', 'ポイント30%分利用で59,140円～朝食付2名税込41,410円～詳細･予約']"
seven x seven （セブンバイセブン）石垣,沖縄県・石垣市 [全121室],タタミエグゼクティブバンク（オーシャンビュー）,"['ポイント30%分利用で53,720円～2名税込37,610円～詳細･予約', 'ポイント30%分利用で60,720円～朝食付2名税込42,510円～詳細･予約']"
seven x seven （セブンバイセブン）石垣,沖縄県・石垣市 [全121室],エグゼクティブバンク （オーシャンビュー）,"['ポイント30%分利用で53,720円～2名税込37,610円～詳細･予約', 'ポイント30%分利用で60,720円～朝食付2名税込42,510円～詳細･予約']"
seven x seven （セブンバイセブン）石垣,沖縄県・石垣市 [全121室],エグゼクティブツイン（オーシャンビュー）,"['ポイント30%分利用で54,510円～2名税込38,160円～詳細･予約', 'ポイント30%分利用で61,510円～朝食付2名税込43,060円～詳細･予約']"
seven x seven （セブンバイセブン）石垣,沖縄県・石垣市 [全121室],デラックスバンク with ジャグジー,"['ポイント30%分利用で58,460円～2名税込40,940円～詳細･予約', 'ポイント30%分利用で65,460円～朝食付2名税込45,840円～詳細･予約']"
seven x seven （セブンバイセブン）石垣,沖縄県・石垣市 [全121室],デラックスバンク with ジャグジー（オーシャンビュー）,"['ポイント30%分利用で62,410円～2名税込43,690円～詳細･予約', 'ポイント30%分利用で69,410円～朝食付2名税込48,590円～詳細･予約']"
seven x seven （セブンバイセブン）石垣,沖縄県・石垣市 [全121室],デラックスツイン（プールビュー）,"['ポイント30%分利用で64,780円～2名税込45,370円～詳細･予約', 'ポイント30%分利用で71,780円～朝食付2名税込50,270円～詳細･予約']"
seven x seven （セブンバイセブン）石垣,沖縄県・石垣市 [全121室],デラックスツイン（オーシャンビュー）,"['ポイント30%分利用で67,940円～2名税込47,570円～詳細･予約', 'ポイント30%分利用で74,940円～朝食付2名税込52,470円～詳細･予約']"
seven x seven （セブンバイセブン）石垣,沖縄県・石垣市 [全121室],ザ・セブン プールスイート,"['ポイント30%分利用で180,800円～朝食付2名税込126,560円～詳細･予約']"
seven x seven （セブンバイセブン）石垣,沖縄県・石垣市 [全121室],ザ・セブン オーシャンスイート（オーシャンビュー）,"['ポイント30%分利用で180,800円～朝食付2名税込126,560円～詳細･予約']"
seven x seven （セブンバイセブン）石垣,沖縄県・石垣市 [全121室],ザ・セブン テラススイート（オーシャンビュー）,"['ポイント30%分利用で180,800円～朝食付2名税込126,560円～詳細･予約']"
"ROKU KYOTO, LXR Hotels & Resorts",京都府・京都市  / 京都温泉[全114室],デラックスルーム キング,"['ポイント2%分利用で118,536円～2名税込116,172円～詳細･予約', 'ポイント2%分利用で128,928円～朝食付2名税込126,356円～詳細･予約', 'ポイント2%分利用で166,244円～夕朝食付2名税込162,926円～詳細･予約', 'ポイント2%分利用で178,464円～朝昼食付2名税込174,902円～詳細･予約']"
"ROKU KYOTO, LXR Hotels & Resorts",京都府・京都市  / 京都温泉[全114室],デラックスルーム ツイン,"['ポイント2%分利用で120,578円～2名税込118,174円～詳細･予約', 'ポイント2%分利用で130,698円～朝食付2名税込128,092円～詳細･予約', 'ポイント2%分利用で166,244円～夕朝食付2名税込162,926円～詳細･予約', 'ポイント2%分利用で178,718円～朝昼食付2名税込175,150円～詳細･予約']"
"ROKU KYOTO, LXR Hotels & Resorts",京都府・京都市  / 京都温泉[全114室],鷹峯デラックスルーム キング,"['ポイント2%分利用で134,366円～朝食付2名税込131,686円～詳細･予約', 'ポイント2%分利用で135,126円～2名税込132,430円～詳細･予約', 'ポイント2%分利用で172,570円～夕朝食付2名税込169,126円～詳細･予約', 'ポイント2%分利用で190,356円～朝昼食付2名税込186,556円～詳細･予約']"
"ROKU KYOTO, LXR Hotels & Resorts",京都府・京都市  / 京都温泉[全114室],鷹峯デラックスルーム ツイン,"['ポイント2%分利用で134,366円～朝食付2名税込131,686円～詳細･予約', 'ポイント2%分利用で135,126円～2名税込132,430円～詳細･予約', 'ポイント2%分利用で172,570円～夕朝食付2名税込169,126円～詳細･予約', 'ポイント2%分利用で189,976円～朝昼食付2名税込186,184円～詳細･予約']"
"ROKU KYOTO, LXR Hotels & Resorts",京都府・京都市  / 京都温泉[全114室],プレミアデラックスルーム キング,"['ポイント2%分利用で138,858円～2名税込136,088円～詳細･予約', 'ポイント2%分利用で149,040円～朝食付2名税込146,066円～詳細･予約', 'ポイント2%分利用で187,750円～夕朝食付2名税込184,002円～詳細･予約', 'ポイント2%分利用で205,030円～朝昼食付2名税込200,936円～詳細･予約']"
"ROKU KYOTO, LXR Hotels & Resorts",京都府・京都市  / 京都温泉[全114室],プレミアデラックスルーム ツイン,"['ポイント2%分利用で138,858円～2名税込136,088円～詳細･予約', 'ポイント2%分利用で149,040円～朝食付2名税込146,066円～詳細･予約', 'ポイント2%分利用で187,750円～夕朝食付2名税込184,002円～詳細･予約', 'ポイント2%分利用で205,156円～朝昼食付2名税込201,060円～詳細･予約']"
"ROKU KYOTO, LXR Hotels & Resorts",京都府・京都市  / 京都温泉[全114室],パノラマデラックスルーム キング,"['ポイント2%分利用で138,920円～2名税込136,148円～詳細･予約', 'ポイント2%分利用で139,300円～朝食付2名税込136,520円～詳細･予約', 'ポイント2%分利用で176,364円～夕朝食付2名税込172,844円～詳細･予約', 'ポイント2%分利用で193,772円～朝昼食付2名税込189,904円～詳細･予約']"
"ROKU KYOTO, LXR Hotels & Resorts",京都府・京都市  / 京都温泉[全114室],温泉ガーデンルーム キング,"['ポイント2%分利用で149,610円～2名税込146,624円～詳細･予約', 'ポイント2%分利用で159,794円～朝食付2名税込156,606円～詳細･予約', 'ポイント2%分利用で200,400円～夕朝食付2名税込196,398円～詳細･予約', 'ポイント2%分利用で218,186円～朝昼食付2名税込213,830円～詳細･予約']"
"ROKU KYOTO, LXR Hotels & Resorts",京都府・京都市  / 京都温泉[全114室],温泉ガーデンルーム ツイン,"['ポイント2%分利用で149,610円～2名税込146,624円～詳細･予約', 'ポイント2%分利用で159,794円～朝食付2名税込156,606円～詳細･予約', 'ポイント2%分利用で200,400円～夕朝食付2名税込196,398円～詳細･予約', 'ポイント2%分利用で217,806円～朝昼食付2名税込213,456円～詳細･予約']"
"ROKU KYOTO, LXR Hotels & Resorts",京都府・京都市  / 京都温泉[全114室],プールサイドテラスルーム キング,"['ポイント2%分利用で161,438円～2名税込158,216円～詳細･予約', 'ポイント2%分利用で171,558円～朝食付2名税込168,134円～詳細･予約', 'ポイント2%分利用で214,314円～夕朝食付2名税込210,034円～詳細･予約', 'ポイント2%分利用で233,998円～朝昼食付2名税込229,326円～詳細･予約']"
"ROKU KYOTO, LXR Hotels & Resorts",京都府・京都市  / 京都温泉[全114室],ROKUスイートルーム ツイン,"['ポイント2%分利用で386,166円～2名税込378,450円～詳細･予約', 'ポイント2%分利用で396,348円～朝食付2名税込388,428円～詳細･予約', 'ポイント2%分利用で478,700円～夕朝食付2名税込469,132円～詳細･予約', 'ポイント2%分利用で498,256円～朝昼食付2名税込488,298円～詳細･予約']"
"ROKU KYOTO, LXR Hotels & Resorts",京都府・京都市  / 京都温泉[全114室],PEAKスイートルーム キング,"['ポイント2%分利用で386,166円～2名税込378,450円～詳細･予約', 'ポイント2%分利用で396,348円～朝食付2名税込388,428円～詳細･予約', 'ポイント2%分利用で478,700円～夕朝食付2名税込469,132円～詳細･予約', 'ポイント2%分利用で496,106円～朝昼食付2名税込486,190円～詳細･予約']"
ホテル インターコンチネンタル 東京ベイ,東京都・竹芝 [全330室],2 シングル クラシック リバービュー,"['ポイント40%分利用で32,000円～2名税込19,200円～詳細･予約', 'ポイント40%分利用で39,000円～朝食付2名税込23,400円～詳細･予約']"
ホテル インターコンチネンタル 東京ベイ,東京都・竹芝 [全330室],2 シングル クラシック ベイビュー,"['ポイント40%分利用で34,250円～2名税込20,570円～詳細･予約', 'ポイント40%分利用で41,250円～朝食付2名税込24,770円～詳細･予約']"
ホテル インターコンチネンタル 東京ベイ,東京都・竹芝 [全330室],1 キング クラシック ベイビュー,"['ポイント40%分利用で34,250円～2名税込20,570円～詳細･予約', 'ポイント40%分利用で41,250円～朝食付2名税込24,770円～詳細･予約']"
ホテル インターコンチネンタル 東京ベイ,東京都・竹芝 [全330室],2 シングル クラシック リバービューハイフロア,"['ポイント40%分利用で38,750円～2名税込23,270円～詳細･予約', 'ポイント40%分利用で45,750円～朝食付2名税込27,470円～詳細･予約']"
ホテル インターコンチネンタル 東京ベイ,東京都・竹芝 [全330室],2 シングル クラシック ベイビュー ハイフロア,"['ポイント40%分利用で41,000円～2名税込24,600円～詳細･予約', 'ポイント40%分利用で48,000円～朝食付2名税込28,800円～詳細･予約']"
ホテル インターコンチネンタル 東京ベイ,東京都・竹芝 [全330室],1 キング クラシック ベイビュー ハイフロア,"['ポイント40%分利用で41,000円～2名税込24,600円～詳細･予約', 'ポイント40%分利用で48,000円～朝食付2名税込28,800円～詳細･予約']"
ホテル インターコンチネンタル 東京ベイ,東京都・竹芝 [全330室],1 キング プレミアム ベイビュー,"['ポイント40%分利用で41,750円～2名税込25,070円～詳細･予約', 'ポイント40%分利用で48,750円～朝食付2名税込29,270円～詳細･予約']"
ホテル インターコンチネンタル 東京ベイ,東京都・竹芝 [全330室],1キング クラシックリバービューNAGOMIラウンジアクセス,"['ポイント40%分利用で43,250円～夕朝食付2名税込25,970円～詳細･予約']"
ホテル インターコンチネンタル 東京ベイ,東京都・竹芝 [全330室],2 シングル クラシック リバービューNAGOMIラウンジ,"['ポイント40%分利用で43,250円～夕朝食付2名税込25,970円～詳細･予約']"
ホテル インターコンチネンタル 東京ベイ,東京都・竹芝 [全330室],2 シングル プレミアム ベイビュー ハイフロア,"['ポイント40%分利用で44,000円～2名税込26,400円～詳細･予約', 'ポイント40%分利用で51,000円～朝食付2名税込30,600円～詳細･予約']"
ホテル インターコンチネンタル 東京ベイ,東京都・竹芝 [全330室],1 キング プレミアム ベイビュー ハイフロア,"['ポイント40%分利用で44,000円～2名税込26,400円～詳細･予約', 'ポイント40%分利用で51,000円～朝食付2名税込30,600円～詳細･予約']"
ホテル インターコンチネンタル 東京ベイ,東京都・竹芝 [全330室],1 キング ジュニアスイート リバービュー,"['ポイント40%分利用で44,000円～2名税込26,400円～詳細･予約', 'ポイント40%分利用で51,000円～朝食付2名税込30,600円～詳細･予約']"
ホテル インターコンチネンタル 東京ベイ,東京都・竹芝 [全330室],2 シングル クラシック ベイビュー NAGOMIラウンジ,"['ポイント40%分利用で45,500円～夕朝食付2名税込27,300円～詳細･予約']"
ホテル インターコンチネンタル 東京ベイ,東京都・竹芝 [全330室],1 キング クラシック ベイビュー NAGOMIラウンジ,"['ポイント40%分利用で45,500円～夕朝食付2名税込27,300円～詳細･予約']"
ホテル インターコンチネンタル 東京ベイ,東京都・竹芝 [全330室],2 シングル プレミアム ベイビュー,"['ポイント40%分利用で47,000円～2名税込28,200円～詳細･予約', 'ポイント40%分利用で54,000円～朝食付2名税込32,400円～詳細･予約']"
ホテル インターコンチネンタル 東京ベイ,東京都・竹芝 [全330室],1 キング クラシック リバービュークラブラウンジアクセス,"['ポイント40%分利用で47,000円～朝食付2名税込28,200円～詳細･予約']"
ホテル インターコンチネンタル 東京ベイ,東京都・竹芝 [全330室],2 シングル クラシック リバービュークラブラウンジアクセス,"['ポイント40%分利用で47,000円～朝食付2名税込28,200円～詳細･予約']"
ホテル インターコンチネンタル 東京ベイ,東京都・竹芝 [全330室],1 キング ジュニアスイート リバービューハイフロア,"['ポイント40%分利用で47,000円～2名税込28,200円～詳細･予約', 'ポイント40%分利用で54,000円～朝食付2名税込32,400円～詳細･予約']"
ホテル インターコンチネンタル 東京ベイ,東京都・竹芝 [全330室],2 シングル プレミアム ベイビュー NAGOMIラウンジ,"['ポイント40%分利用で48,500円～夕朝食付2名税込29,100円～詳細･予約']"
ホテル インターコンチネンタル 東京ベイ,東京都・竹芝 [全330室],1 キング プレミアム ベイビュー NAGOMIラウンジ,"['ポイント40%分利用で48,500円～夕朝食付2名税込29,100円～詳細･予約']"
ホテル インターコンチネンタル 東京ベイ,東京都・竹芝 [全330室],1 キング クラシック ベイビュー クラブラウンジアクセス,"['ポイント40%分利用で49,250円～朝食付2名税込29,570円～詳細･予約']"
ホテル インターコンチネンタル 東京ベイ,東京都・竹芝 [全330室],2 シングル クラシック ベイビュー クラブラウンジアクセス,"['ポイント40%分利用で49,250円～朝食付2名税込29,570円～詳細･予約']"
ホテル インターコンチネンタル 東京ベイ,東京都・竹芝 [全330室],2 シングル プレミアム ベイビュー クラブラウンジアクセス,"['ポイント40%分利用で58,250円～朝食付2名税込34,970円～詳細･予約']"
ホテル インターコンチネンタル 東京ベイ,東京都・竹芝 [全330室],1 キング プレミアム ベイビュー クラブラウンジアクセス,"['ポイント40%分利用で58,250円～朝食付2名税込34,970円～詳細･予約']"
ホテル インターコンチネンタル 東京ベイ,東京都・竹芝 [全330室],1キング ジュニアスイート リバービューNAGOMIラウンジ,"['ポイント40%分利用で58,250円～夕朝食付2名税込34,970円～詳細･予約']"
ホテル インターコンチネンタル 東京ベイ,東京都・竹芝 [全330室],1キング ジュニアスイート リバービュークラブラウンジ,"['ポイント40%分利用で62,000円～朝食付2名税込37,200円～詳細･予約']"
ホテル インターコンチネンタル 東京ベイ,東京都・竹芝 [全330室],2 シングル クラシック リバービューハイフロア,"['ポイント40%分利用で70,000円～朝食付2名税込42,000円～詳細･予約', 'ポイント40%分利用で86,000円～夕朝食付2名税込51,600円～詳細･予約']"
ホテル インターコンチネンタル 東京ベイ,東京都・竹芝 [全330室],2 シングル クラシック ベイビュー ハイフロア,"['ポイント40%分利用で72,400円～朝食付2名税込43,440円～詳細･予約', 'ポイント40%分利用で88,400円～夕朝食付2名税込53,040円～詳細･予約']"
ホテル インターコンチネンタル 東京ベイ,東京都・竹芝 [全330室],1 キング クラシック ベイビュー ハイフロア,"['ポイント40%分利用で72,400円～朝食付2名税込43,440円～詳細･予約', 'ポイント40%分利用で88,400円～夕朝食付2名税込53,040円～詳細･予約']"
ホテル インターコンチネンタル 東京ベイ,東京都・竹芝 [全330室],2 シングル プレミアム ベイビュー,"['ポイント40%分利用で74,000円～朝食付2名税込44,400円～詳細･予約', 'ポイント40%分利用で90,000円～夕朝食付2名税込54,000円～詳細･予約', 'ポイント40%分利用で93,000円～夕食付2名税込55,800円～詳細･予約']"
ホテル インターコンチネンタル 東京ベイ,東京都・竹芝 [全330室],1 キング プレミアム ベイビュー,"['ポイント40%分利用で74,000円～朝食付2名税込44,400円～詳細･予約', 'ポイント40%分利用で90,000円～夕朝食付2名税込54,000円～詳細･予約', 'ポイント40%分利用で93,000円～夕食付2名税込55,800円～詳細･予約']"
ホテル インターコンチネンタル 東京ベイ,東京都・竹芝 [全330室],2 シングル プレミアム ベイビュー ハイフロア,"['ポイント40%分利用で78,000円～朝食付2名税込46,800円～詳細･予約', 'ポイント40%分利用で94,000円～夕朝食付2名税込56,400円～詳細･予約', 'ポイント40%分利用で97,000円～夕食付2名税込58,200円～詳細･予約']"
ホテル インターコンチネンタル 東京ベイ,東京都・竹芝 [全330室],1 キング プレミアム ベイビュー ハイフロア,"['ポイント40%分利用で78,000円～朝食付2名税込46,800円～詳細･予約', 'ポイント40%分利用で94,000円～夕朝食付2名税込56,400円～詳細･予約', 'ポイント40%分利用で97,000円～夕食付2名税込58,200円～詳細･予約']"
ホテル インターコンチネンタル 東京ベイ,東京都・竹芝 [全330室],2 シングル クラシック リバービュークラブラウンジアクセス,"['ポイント40%分利用で78,000円～朝食付2名税込46,800円～詳細･予約']"
ホテル インターコンチネンタル 東京ベイ,東京都・竹芝 [全330室],1 キング クラシック リバービュークラブラウンジアクセス,"['ポイント40%分利用で78,000円～朝食付2名税込46,800円～詳細･予約']"
ホテル インターコンチネンタル 東京ベイ,東京都・竹芝 [全330室],1 キング クラシック ベイビュー クラブラウンジアクセス,"['ポイント40%分利用で80,400円～朝食付2名税込48,240円～詳細･予約']"
ホテル インターコンチネンタル 東京ベイ,東京都・竹芝 [全330室],2 シングル クラシック ベイビュー クラブラウンジアクセス,"['ポイント40%分利用で80,400円～朝食付2名税込48,240円～詳細･予約']"
ホテル インターコンチネンタル 東京ベイ,東京都・竹芝 [全330室],2 シングル プレミアム ベイビュー クラブラウンジアクセス,"['ポイント40%分利用で86,000円～朝食付2名税込51,600円～詳細･予約', 'ポイント40%分利用で105,000円～夕食付2名税込63,000円～詳細･予約']"
ホテル インターコンチネンタル 東京ベイ,東京都・竹芝 [全330室],1 キング プレミアム ベイビュー クラブラウンジアクセス,"['ポイント40%分利用で86,000円～朝食付2名税込51,600円～詳細･予約', 'ポイント40%分利用で105,000円～夕食付2名税込63,000円～詳細･予約']"
ホテル インターコンチネンタル 東京ベイ,東京都・竹芝 [全330室],1キング ジュニアスイート リバービュークラブラウンジ,"['ポイント40%分利用で90,000円～朝食付2名税込54,000円～詳細･予約', 'ポイント40%分利用で109,000円～夕食付2名税込65,400円～詳細･予約']"
ホテル インターコンチネンタル 東京ベイ,東京都・竹芝 [全330室],2 シングル クラシック ベイビュー,"['ポイント40%分利用で93,400円～夕朝食付2名税込56,040円～詳細･予約']"
ホテル インターコンチネンタル 東京ベイ,東京都・竹芝 [全330室],1 キング クラシック ベイビュー,"['ポイント40%分利用で93,400円～夕朝食付2名税込56,040円～詳細･予約']"
ホテル インターコンチネンタル 東京ベイ,東京都・竹芝 [全330室],1 キング ジュニアスイート リバービューハイフロア,"['ポイント40%分利用で96,400円～夕朝食付2名税込57,840円～詳細･予約', 'ポイント40%分利用で99,400円～夕食付2名税込59,640円～詳細･予約']"
ホテル インターコンチネンタル 東京ベイ,東京都・竹芝 [全330室],デザイナーズ スイート＆ルーム,"['ポイント40%分利用で107,000円～朝食付2名税込64,200円～詳細･予約', 'ポイント40%分利用で160,000円～2名税込96,000円～詳細･予約']"
ホテル インターコンチネンタル 東京ベイ,東京都・竹芝 [全330室],デザイナーズ スイート＆ルーム（パリメゾン）,"['ポイント40%分利用で125,750円～朝食付2名税込75,470円～詳細･予約']"
ホテル インターコンチネンタル 東京ベイ,東京都・竹芝 [全330室],デザイナーズ スイート＆ルーム（ラグジュアリーオリエンタル）,"['ポイント40%分利用で137,000円～朝食付2名税込82,200円～詳細･予約']"
ホテル インターコンチネンタル 東京ベイ,東京都・竹芝 [全330室],デザイナーズ スイート＆ルーム,"['ポイント40%分利用で158,000円～朝食付2名税込94,800円～詳細･予約', 'ポイント40%分利用で187,000円～夕朝食付2名税込112,200円～詳細･予約']"
ホテル インターコンチネンタル 東京ベイ,東京都・竹芝 [全330室],デザイナーズ スイート＆ルーム（パリメゾン）,"['ポイント40%分利用で174,000円～朝食付2名税込104,400円～詳細･予約', 'ポイント40%分利用で203,000円～夕朝食付2名税込121,800円～詳細･予約']"
ホテル インターコンチネンタル 東京ベイ,東京都・竹芝 [全330室],デザイナーズ スイート＆ルーム（ラグジュアリーオリエンタル）,"['ポイント40%分利用で190,000円～朝食付2名税込114,000円～詳細･予約', 'ポイント40%分利用で209,000円～夕食付2名税込125,400円～詳細･予約', 'ポイント40%分利用で219,000円～夕朝食付2名税込131,400円～詳細･予約']"
東京ステーションホテル,東京都・東京駅丸の内南口直結 [全150室],ドームサイド キング【禁煙】,"['ポイント10%分利用で65,122円～2名税込58,612円～詳細･予約', 'ポイント10%分利用で75,322円～朝食付2名税込67,792円～詳細･予約', 'ポイント10%分利用で95,322円～夕朝食付2名税込85,792円～詳細･予約']"
東京ステーションホテル,東京都・東京駅丸の内南口直結 [全150室],ドームサイド コンフォートキング【禁煙】,"['ポイント10%分利用で65,122円～2名税込58,612円～詳細･予約', 'ポイント10%分利用で75,322円～朝食付2名税込67,792円～詳細･予約', 'ポイント10%分利用で95,322円～夕朝食付2名税込85,792円～詳細･予約']"
東京ステーションホテル,東京都・東京駅丸の内南口直結 [全150室],パレスサイド コンフォートツイン【禁煙】,"['ポイント10%分利用で73,876円～2名税込66,496円～詳細･予約', 'ポイント10%分利用で84,076円～朝食付2名税込75,676円～詳細･予約', 'ポイント10%分利用で114,076円～夕朝食付2名税込102,676円～詳細･予約']"
東京ステーションホテル,東京都・東京駅丸の内南口直結 [全150室],パレスサイド コンフォートキング【禁煙】,"['ポイント10%分利用で73,876円～2名税込66,496円～詳細･予約', 'ポイント10%分利用で84,076円～朝食付2名税込75,676円～詳細･予約', 'ポイント10%分利用で114,076円～夕朝食付2名税込102,676円～詳細･予約']"
東京ステーションホテル,東京都・東京駅丸の内南口直結 [全150室],サウスウイング スーペリアツイン【喫煙】,"['ポイント19%分利用で89,056円～2名税込72,146円～詳細･予約', 'ポイント19%分利用で99,256円～朝食付2名税込80,408円～詳細･予約', 'ポイント10%分利用で119,256円～夕朝食付2名税込107,336円～詳細･予約']"
東京ステーションホテル,東京都・東京駅丸の内南口直結 [全150室],パレスサイド スーペリアツイン【禁煙】,"['ポイント19%分利用で90,168円～2名税込73,049円～詳細･予約', 'ポイント19%分利用で100,368円～朝食付2名税込81,311円～詳細･予約', 'ポイント10%分利用で120,368円～夕朝食付2名税込108,338円～詳細･予約']"
東京ステーションホテル,東京都・東京駅丸の内南口直結 [全150室],クラシック スーペリアツイン【禁煙】,"['ポイント10%分利用で84,856円～2名税込76,376円～詳細･予約', 'ポイント10%分利用で95,056円～朝食付2名税込85,556円～詳細･予約', 'ポイント10%分利用で125,056円～夕朝食付2名税込112,556円～詳細･予約']"
東京ステーションホテル,東京都・東京駅丸の内南口直結 [全150室],クラシック スーペリアツイン【喫煙】,"['ポイント10%分利用で84,856円～2名税込76,376円～詳細･予約', 'ポイント10%分利用で95,056円～朝食付2名税込85,556円～詳細･予約', 'ポイント10%分利用で125,056円～夕朝食付2名税込112,556円～詳細･予約']"
東京ステーションホテル,東京都・東京駅丸の内南口直結 [全150室],シティビュー スーペリアキング【禁煙】,"['ポイント10%分利用で90,168円～2名税込81,158円～詳細･予約', 'ポイント10%分利用で100,368円～朝食付2名税込90,338円～詳細･予約', 'ポイント10%分利用で147,668円～夕朝食付2名税込132,908円～詳細･予約']"
東京ステーションホテル,東京都・東京駅丸の内南口直結 [全150室],シティビュー スーペリアツイン【禁煙】,"['ポイント10%分利用で90,168円～2名税込81,158円～詳細･予約', 'ポイント10%分利用で100,368円～朝食付2名税込90,338円～詳細･予約']"
東京ステーションホテル,東京都・東京駅丸の内南口直結 [全150室],シティビュー キング【禁煙】,"['ポイント10%分利用で90,168円～2名税込81,158円～詳細･予約', 'ポイント10%分利用で100,368円～朝食付2名税込90,338円～詳細･予約', 'ポイント10%分利用で147,668円～夕朝食付2名税込132,908円～詳細･予約']"
東京ステーションホテル,東京都・東京駅丸の内南口直結 [全150室],パレスビュー スーペリアツイン【禁煙】,"['ポイント10%分利用で92,218円～2名税込82,998円～詳細･予約', 'ポイント10%分利用で102,418円～朝食付2名税込92,178円～詳細･予約', 'ポイント10%分利用で132,418円～夕朝食付2名税込119,178円～詳細･予約']"
東京ステーションホテル,東京都・東京駅丸の内南口直結 [全150室],ドームサイド スーペリアツイン【禁煙】,"['ポイント10%分利用で92,940円～2名税込83,650円～詳細･予約', 'ポイント10%分利用で103,140円～朝食付2名税込92,830円～詳細･予約', 'ポイント10%分利用で123,140円～夕朝食付2名税込110,830円～詳細･予約']"
東京ステーションホテル,東京都・東京駅丸の内南口直結 [全150室],ドームサイド スーペリアキング【禁煙】,"['ポイント10%分利用で92,940円～2名税込83,650円～詳細･予約', 'ポイント10%分利用で103,140円～朝食付2名税込92,830円～詳細･予約', 'ポイント10%分利用で133,140円～夕朝食付2名税込119,830円～詳細･予約']"
東京ステーションホテル,東京都・東京駅丸の内南口直結 [全150室],サウスウイング デラックスツイン【喫煙】,"['ポイント10%分利用で100,642円～2名税込90,582円～詳細･予約', 'ポイント10%分利用で110,842円～朝食付2名税込99,762円～詳細･予約', 'ポイント10%分利用で150,842円～夕朝食付2名税込135,762円～詳細･予約']"
東京ステーションホテル,東京都・東京駅丸の内南口直結 [全150室],パレスサイド デラックスツイン【禁煙】,"['ポイント10%分利用で102,692円～2名税込92,432円～詳細･予約', 'ポイント10%分利用で112,892円～朝食付2名税込101,612円～詳細･予約', 'ポイント10%分利用で142,892円～夕朝食付2名税込128,612円～詳細･予約']"
東京ステーションホテル,東京都・東京駅丸の内南口直結 [全150室],パレスビュー プレミアムツイン【禁煙】,"['ポイント19%分利用で115,444円～2名税込93,518円～詳細･予約', 'ポイント19%分利用で125,644円～朝食付2名税込101,780円～詳細･予約', 'ポイント10%分利用で145,644円～夕朝食付2名税込131,084円～詳細･予約']"
東京ステーションホテル,東京都・東京駅丸の内南口直結 [全150室],サウスウイング プレミアムツイン【喫煙】,"['ポイント10%分利用で108,536円～2名税込97,686円～詳細･予約', 'ポイント10%分利用で118,736円～朝食付2名税込106,866円～詳細･予約', 'ポイント10%分利用で158,736円～夕朝食付2名税込142,866円～詳細･予約']"
東京ステーションホテル,東京都・東京駅丸の内南口直結 [全150室],メゾネットツイン【禁煙】,"['ポイント19%分利用で130,232円～2名税込105,494円～詳細･予約', 'ポイント19%分利用で140,432円～朝食付2名税込113,756円～詳細･予約', 'ポイント10%分利用で160,432円～夕朝食付2名税込144,392円～詳細･予約']"
東京ステーションホテル,東京都・東京駅丸の内南口直結 [全150室],メゾネットキング【禁煙】,"['ポイント19%分利用で130,232円～2名税込105,494円～詳細･予約', 'ポイント19%分利用で140,432円～朝食付2名税込113,756円～詳細･予約', 'ポイント10%分利用で160,432円～夕朝食付2名税込144,392円～詳細･予約']"
東京ステーションホテル,東京都・東京駅丸の内南口直結 [全150室],パレスビュー プレミアムデラックスツイン【禁煙】,"['ポイント10%分利用で122,350円～2名税込110,120円～詳細･予約', 'ポイント10%分利用で132,550円～朝食付2名税込119,300円～詳細･予約', 'ポイント10%分利用で162,550円～夕朝食付2名税込146,300円～詳細･予約']"
東京ステーションホテル,東京都・東京駅丸の内南口直結 [全150室],パレスビュー プレミアムデラックスキング【禁煙】,"['ポイント10%分利用で122,350円～2名税込110,120円～詳細･予約', 'ポイント10%分利用で132,550円～朝食付2名税込119,300円～詳細･予約', 'ポイント10%分利用で162,550円～夕朝食付2名税込146,300円～詳細･予約']"
東京ステーションホテル,東京都・東京駅丸の内南口直結 [全150室],ジュニアスイートツイン【禁煙】,"['ポイント10%分利用で132,066円～2名税込118,866円～詳細･予約', 'ポイント10%分利用で142,266円～朝食付2名税込128,046円～詳細･予約', 'ポイント10%分利用で162,266円～夕朝食付2名税込146,046円～詳細･予約']"
東京ステーションホテル,東京都・東京駅丸の内南口直結 [全150室],ジュニアスイートキング【禁煙】,"['ポイント10%分利用で132,066円～2名税込118,866円～詳細･予約', 'ポイント10%分利用で142,266円～朝食付2名税込128,046円～詳細･予約', 'ポイント10%分利用で172,266円～夕朝食付2名税込155,046円～詳細･予約']"
東京ステーションホテル,東京都・東京駅丸の内南口直結 [全150室],メゾネットスイートキング【禁煙】,"['ポイント19%分利用で269,192円～2名税込218,063円～詳細･予約', 'ポイント19%分利用で279,392円～朝食付2名税込226,325円～詳細･予約']"
東京ステーションホテル,東京都・東京駅丸の内南口直結 [全150室],メゾネットスイートツイン【禁煙】,"['ポイント19%分利用で413,402円～2名税込334,856円～詳細･予約', 'ポイント19%分利用で423,602円～朝食付2名税込343,118円～詳細･予約']"
東京ステーションホテル,東京都・東京駅丸の内南口直結 [全150室],アンバサダースイートキング【禁煙】,"['ポイント10%分利用で452,444円～朝食付2名税込407,204円～詳細･予約']"
東京ステーションホテル,東京都・東京駅丸の内南口直結 [全150室],アンバサダースイートツイン【禁煙】,"['ポイント10%分利用で452,444円～朝食付2名税込407,204円～詳細･予約']"
ATAMI せかいえ,静岡県・熱海  / 熱海温泉[全25室],オーシャンビュースーペリア,"['ポイント7%分利用で83,600円～朝食付2名税込77,748円～詳細･予約', 'ポイント7%分利用で88,000円～夕朝食付2名税込81,840円～詳細･予約']"
ATAMI せかいえ,静岡県・熱海  / 熱海温泉[全25室],オーシャンビュープレミアム 月の道,"['ポイント7%分利用で95,200円～朝食付2名税込88,536円～詳細･予約', 'ポイント7%分利用で104,000円～夕朝食付2名税込96,720円～詳細･予約']"
ATAMI せかいえ,静岡県・熱海  / 熱海温泉[全25室],オーシャンビュースイート,"['ポイント7%分利用で108,900円～朝食付2名税込101,277円～詳細･予約', 'ポイント7%分利用で113,300円～夕朝食付2名税込105,369円～詳細･予約']"
ATAMI せかいえ,静岡県・熱海  / 熱海温泉[全25室],オーシャンビュースイート  月の道,"['ポイント7%分利用で117,700円～朝食付2名税込109,461円～詳細･予約', 'ポイント7%分利用で126,500円～夕朝食付2名税込117,645円～詳細･予約']"
ATAMI せかいえ,静岡県・熱海  / 熱海温泉[全25室],オーシャンビューペントハウス KUMO NO NAMI,"['ポイント7%分利用で277,200円～夕朝食付2名税込257,796円～詳細･予約']"
ATAMI せかいえ,静岡県・熱海  / 熱海温泉[全25室],オーシャンビューペントハウス TSUKI NO MICHI,"['ポイント7%分利用で346,500円～夕朝食付2名税込322,245円～詳細･予約']"
フォションホテル京都,京都府・河原町 [全59室],クラシックダブル,"['ポイント30%分利用+割引で66,550円～2名税込41,956円～詳細･予約', 'ポイント30%分利用+割引で77,440円～朝食付2名税込48,816円～詳細･予約', 'ポイント30%分利用+割引で95,590円～夕朝食付2名税込60,232円～詳細･予約']"
フォションホテル京都,京都府・河原町 [全59室],スーペリア,"['ポイント30%分利用+割引で67,760円～朝食付2名税込42,714円～詳細･予約', 'ポイント30%分利用+割引で72,600円～2名税込45,750円～詳細･予約', 'ポイント30%分利用+割引で99,220円～夕朝食付2名税込62,538円～詳細･予約']"
フォションホテル京都,京都府・河原町 [全59室],クラシックダブル　東山ビュー,"['ポイント30%分利用+割引で72,600円～2名税込45,750円～詳細･予約', 'ポイント30%分利用+割引で83,490円～朝食付2名税込52,612円～詳細･予約', 'ポイント30%分利用+割引で101,034円～夕朝食付2名税込63,662円～詳細･予約']"
フォションホテル京都,京都府・河原町 [全59室],スーペリア　東山ビュー,"['ポイント30%分利用+割引で76,502円～朝食付2名税込48,212円～詳細･予約', 'ポイント30%分利用+割引で82,884円～2名税込52,246円～詳細･予約', 'ポイント30%分利用+割引で109,504円～夕朝食付2名税込69,004円～詳細･予約']"
フォションホテル京都,京都府・河原町 [全59室],デラックス,"['ポイント30%分利用+割引で83,186円～朝食付2名税込52,428円～詳細･予約', 'ポイント30%分利用+割引で90,750円～2名税込57,196円～詳細･予約', 'ポイント30%分利用+割引で117,370円～夕朝食付2名税込73,954円～詳細･予約']"
フォションホテル京都,京都府・河原町 [全59室],スイート　ラウンジアクセス付き,"['ポイント30%分利用+割引で90,750円～朝食付2名税込57,196円～詳細･予約', 'ポイント30%分利用+割引で127,050円～2名税込80,056円～詳細･予約', 'ポイント30%分利用+割引で153,670円～夕朝食付2名税込96,814円～詳細･予約']"
フォションホテル京都,京都府・河原町 [全59室],デラックス　東山ビュー,"['ポイント30%分利用+割引で91,930円～朝食付2名税込57,928円～詳細･予約', 'ポイント30%分利用+割引で101,034円～2名税込63,662円～詳細･予約', 'ポイント30%分利用+割引で127,654円～夕朝食付2名税込80,450円～詳細･予約']"
フォションホテル京都,京都府・河原町 [全59室],プレステージスイート　ラウンジアクセス付き,"['ポイント30%分利用+割引で154,274円～朝食付2名税込97,208円～詳細･予約', 'ポイント30%分利用+割引で181,500円～2名税込114,360円～詳細･予約', 'ポイント30%分利用+割引で208,120円～夕朝食付2名税込131,118円～詳細･予約']"
フォションホテル京都,京都府・河原町 [全59室],プレステージスイート東山ビュー　ラウンジアクセス付き,"['ポイント30%分利用+割引で163,018円～朝食付2名税込102,708円～詳細･予約', 'ポイント30%分利用+割引で191,784円～2名税込120,826円～詳細･予約', 'ポイント30%分利用+割引で218,404円～夕朝食付2名税込137,614円～詳細･予約']"
ホテルニューオータニ,東京都・赤坂見附駅 徒歩3分 [全1474室],【ザ・メイン】スタンダード ダブル  禁煙,"['ポイント33%分利用で44,940円～2名税込30,123円～詳細･予約', 'ポイント20%分利用で58,300円～朝食付2名税込46,640円～詳細･予約', 'ポイント20%分利用で79,300円～夕朝食付2名税込63,440円～詳細･予約']"
ホテルニューオータニ,東京都・赤坂見附駅 徒歩3分 [全1474室],【ザ・メイン】スタンダード ツイン 禁煙,"['ポイント33%分利用で44,940円～2名税込30,123円～詳細･予約', 'ポイント20%分利用で58,300円～朝食付2名税込46,640円～詳細･予約', 'ポイント20%分利用で79,300円～夕朝食付2名税込63,440円～詳細･予約']"
ホテルニューオータニ,東京都・赤坂見附駅 徒歩3分 [全1474室],【ザ・メイン】スタンダード ツイン 喫煙,"['ポイント33%分利用で47,220円～2名税込31,644円～詳細･予約', 'ポイント20%分利用で58,300円～朝食付2名税込46,640円～詳細･予約']"
ホテルニューオータニ,東京都・赤坂見附駅 徒歩3分 [全1474室],【ガーデンタワー】スタンダード ダブル  禁煙,"['ポイント20%分利用で39,900円～2名税込31,920円～詳細･予約', 'ポイント20%分利用で48,220円～朝食付2名税込38,580円～詳細･予約']"
ホテルニューオータニ,東京都・赤坂見附駅 徒歩3分 [全1474室],【ガーデンタワー】スタンダード ツイン  禁煙,"['ポイント20%分利用で39,900円～2名税込31,920円～詳細･予約', 'ポイント20%分利用で48,220円～朝食付2名税込38,580円～詳細･予約']"
ホテルニューオータニ,東京都・赤坂見附駅 徒歩3分 [全1474室],【ガーデンタワー】デラックス ダブル 禁煙,"['ポイント33%分利用で49,960円～2名税込33,493円～詳細･予約', 'ポイント20%分利用で65,930円～朝食付2名税込52,750円～詳細･予約', 'ポイント20%分利用で85,400円～夕朝食付2名税込68,320円～詳細･予約']"
ホテルニューオータニ,東京都・赤坂見附駅 徒歩3分 [全1474室],【ガーデンタワー】デラックス ツイン 禁煙,"['ポイント33%分利用で49,960円～2名税込33,493円～詳細･予約', 'ポイント20%分利用で65,930円～朝食付2名税込52,750円～詳細･予約', 'ポイント20%分利用で85,400円～夕朝食付2名税込68,320円～詳細･予約']"
ホテルニューオータニ,東京都・赤坂見附駅 徒歩3分 [全1474室],【ザ・メイン】新江戸スタンダード ダブル 禁煙,"['ポイント33%分利用で50,760円～2名税込34,029円～詳細･予約', 'ポイント20%分利用で64,800円～朝食付2名税込51,840円～詳細･予約', 'ポイント20%分利用で84,400円～夕朝食付2名税込67,520円～詳細･予約']"
ホテルニューオータニ,東京都・赤坂見附駅 徒歩3分 [全1474室],【ザ・メイン】新江戸スタンダード ツイン 禁煙,"['ポイント33%分利用で50,760円～2名税込34,029円～詳細･予約', 'ポイント20%分利用で64,800円～朝食付2名税込51,840円～詳細･予約', 'ポイント20%分利用で84,400円～夕朝食付2名税込67,520円～詳細･予約']"
ホテルニューオータニ,東京都・赤坂見附駅 徒歩3分 [全1474室],【ガーデンタワー】スタンダード 日本庭園側 ダブル 禁煙,"['ポイント20%分利用で43,400円～2名税込34,720円～詳細･予約', 'ポイント20%分利用で52,016円～朝食付2名税込41,616円～詳細･予約']"
ホテルニューオータニ,東京都・赤坂見附駅 徒歩3分 [全1474室],【ガーデンタワー】スタンダード 日本庭園側 ツイン 禁煙,"['ポイント20%分利用で43,400円～2名税込34,720円～詳細･予約', 'ポイント20%分利用で52,016円～朝食付2名税込41,616円～詳細･予約']"
ホテルニューオータニ,東京都・赤坂見附駅 徒歩3分 [全1474室],【ザ・メイン】デラックス ダブル  禁煙,"['ポイント33%分利用で53,392円～2名税込35,803円～詳細･予約', 'ポイント20%分利用で69,726円～朝食付2名税込55,786円～詳細･予約', 'ポイント20%分利用で88,400円～夕朝食付2名税込70,720円～詳細･予約']"
ホテルニューオータニ,東京都・赤坂見附駅 徒歩3分 [全1474室],【ザ・メイン】デラックス ツイン 禁煙,"['ポイント33%分利用で53,392円～2名税込35,803円～詳細･予約', 'ポイント20%分利用で69,726円～朝食付2名税込55,786円～詳細･予約', 'ポイント20%分利用で88,400円～夕朝食付2名税込70,720円～詳細･予約']"
ホテルニューオータニ,東京都・赤坂見附駅 徒歩3分 [全1474室],【ザ・メイン】新江戸デラックス ダブル 禁煙,"['ポイント33%分利用で63,360円～2名税込42,471円～詳細･予約', 'ポイント20%分利用で77,900円～朝食付2名税込62,320円～詳細･予約', 'ポイント20%分利用で103,800円～夕朝食付2名税込83,040円～詳細･予約']"
ホテルニューオータニ,東京都・赤坂見附駅 徒歩3分 [全1474室],【ザ・メイン】新江戸デラックス ツイン 禁煙,"['ポイント33%分利用で63,360円～2名税込42,471円～詳細･予約', 'ポイント20%分利用で77,900円～朝食付2名税込62,320円～詳細･予約', 'ポイント20%分利用で103,800円～夕朝食付2名税込83,040円～詳細･予約']"
ホテルニューオータニ,東京都・赤坂見附駅 徒歩3分 [全1474室],【ザ・メイン】デラックス  ツイン  喫煙,"['ポイント20%分利用で70,400円～2名税込56,320円～詳細･予約', 'ポイント20%分利用で80,100円～朝食付2名税込64,080円～詳細･予約']"
ホテルニューオータニ,東京都・赤坂見附駅 徒歩3分 [全1474室],【ザ・メイン】デラックス（洗い場付き） ダブル 禁煙,"['ポイント20%分利用で71,900円～2名税込57,520円～詳細･予約', 'ポイント20%分利用で79,100円～朝食付2名税込63,280円～詳細･予約']"
ホテルニューオータニ,東京都・赤坂見附駅 徒歩3分 [全1474室],【ザ・メイン】デラックス（洗い場付き） ツイン  禁煙,"['ポイント20%分利用で71,900円～2名税込57,520円～詳細･予約', 'ポイント20%分利用で79,100円～朝食付2名税込63,280円～詳細･予約']"
ホテルニューオータニ,東京都・赤坂見附駅 徒歩3分 [全1474室],【ザ・メイン】ジュニアスイート  ダブル 禁煙,"['ポイント20%分利用で119,960円～朝食付2名税込95,980円～詳細･予約']"
ホテルニューオータニ,東京都・赤坂見附駅 徒歩3分 [全1474室],【ザ・メイン】ジュニアスイート  ツイン 禁煙,"['ポイント20%分利用で119,960円～朝食付2名税込95,980円～詳細･予約']"
ホテルニューオータニ,東京都・赤坂見附駅 徒歩3分 [全1474室],【ガーデンタワー】スイート ダブル 禁煙,"['ポイント20%分利用で121,840円～朝食付2名税込97,480円～詳細･予約']"
ホテルニューオータニ,東京都・赤坂見附駅 徒歩3分 [全1474室],【ガーデンタワー】スイート ツイン 禁煙,"['ポイント20%分利用で121,840円～朝食付2名税込97,480円～詳細･予約']"
ホテルニューオータニ,東京都・赤坂見附駅 徒歩3分 [全1474室],【エグゼクティブハウス 禅】 デラックス ダブル 45平米,"['ポイント20%分利用で124,900円～朝食付2名税込99,920円～詳細･予約', 'ポイント20%分利用で166,600円～夕朝食付2名税込133,280円～詳細･予約']"
ホテルニューオータニ,東京都・赤坂見附駅 徒歩3分 [全1474室],【エグゼクティブハウス 禅】 デラックス ツイン 45平米,"['ポイント20%分利用で124,900円～朝食付2名税込99,920円～詳細･予約', 'ポイント20%分利用で166,600円～夕朝食付2名税込133,280円～詳細･予約']"
ホテルニューオータニ,東京都・赤坂見附駅 徒歩3分 [全1474室],【エグゼクティブハウス 禅】 デラックス ダブル 50平米,"['ポイント20%分利用で138,900円～朝食付2名税込111,120円～詳細･予約', 'ポイント20%分利用で182,200円～夕朝食付2名税込145,760円～詳細･予約']"
ホテルニューオータニ,東京都・赤坂見附駅 徒歩3分 [全1474室],【エグゼクティブハウス 禅】 デラックス ツイン 50平米,"['ポイント20%分利用で138,900円～朝食付2名税込111,120円～詳細･予約', 'ポイント20%分利用で182,200円～夕朝食付2名税込145,760円～詳細･予約']"
ホテルニューオータニ,東京都・赤坂見附駅 徒歩3分 [全1474室],【エグゼクティブハウス 禅】ジュニアスイート ダブル,"['ポイント20%分利用で204,900円～朝食付2名税込163,920円～詳細･予約']"
ホテルニューオータニ,東京都・赤坂見附駅 徒歩3分 [全1474室],【エグゼクティブハウス 禅】ジュニアスイート ツイン,"['ポイント20%分利用で204,900円～朝食付2名税込163,920円～詳細･予約']"
ザ・ホテル青龍 京都清水（The Hotel Seiryu Kyoto Kiyomizu）,京都府・清水五条 [全48室],スタンダードキング【宿泊者専用無料ラウンジ付き】,"['ポイント7%分利用で112,500円～朝食付2名税込104,625円～詳細･予約', 'ポイント7%分利用で118,732円～2名税込110,423円～詳細･予約', 'ポイント22%分利用で171,012円～夕朝食付2名税込133,392円～詳細･予約']"
ザ・ホテル青龍 京都清水（The Hotel Seiryu Kyoto Kiyomizu）,京都府・清水五条 [全48室],スーペリアキング【宿泊者専用無料ラウンジ付き】,"['ポイント7%分利用で113,500円～朝食付2名税込105,555円～詳細･予約', 'ポイント7%分利用で125,398円～2名税込116,627円～詳細･予約', 'ポイント22%分利用で178,154円～夕朝食付2名税込138,972円～詳細･予約']"
ザ・ホテル青龍 京都清水（The Hotel Seiryu Kyoto Kiyomizu）,京都府・清水五条 [全48室],デラックスツイン【宿泊者専用無料ラウンジ付き】,"['ポイント7%分利用で114,500円～朝食付2名税込106,485円～詳細･予約', 'ポイント7%分利用で132,064円～2名税込122,824円～詳細･予約', 'ポイント22%分利用で185,298円～夕朝食付2名税込144,554円～詳細･予約']"
ザ・ホテル青龍 京都清水（The Hotel Seiryu Kyoto Kiyomizu）,京都府・清水五条 [全48室],スタンダードコーナーキング【宿泊者専用無料ラウンジ付き】,"['ポイント7%分利用で122,066円～2名税込113,526円～詳細･予約', 'ポイント22%分利用で153,304円～朝食付2名税込119,578円～詳細･予約', 'ポイント22%分利用で174,586円～夕朝食付2名税込136,196円～詳細･予約']"
ザ・ホテル青龍 京都清水（The Hotel Seiryu Kyoto Kiyomizu）,京都府・清水五条 [全48室],デラックスツイン DEN【宿泊者専用無料ラウンジ付き】,"['ポイント7%分利用で132,064円～2名税込122,824円～詳細･予約', 'ポイント22%分利用で164,732円～朝食付2名税込128,498円～詳細･予約', 'ポイント22%分利用で185,298円～夕朝食付2名税込144,554円～詳細･予約']"
ザ・ホテル青龍 京都清水（The Hotel Seiryu Kyoto Kiyomizu）,京都府・清水五条 [全48室],プレミアムコーナーツイン【宿泊者専用無料ラウンジ付き】,"['ポイント7%分利用で145,402円～2名税込135,224円～詳細･予約', 'ポイント22%分利用で179,974円～朝食付2名税込140,396円～詳細･予約', 'ポイント22%分利用で199,588円～夕朝食付2名税込155,698円～詳細･予約']"
ザ・ホテル青龍 京都清水（The Hotel Seiryu Kyoto Kiyomizu）,京都府・清水五条 [全48室],スーペリアツイン パゴダビュー【宿泊者専用無料ラウンジ付き】,"['ポイント7%分利用で152,074円～2名税込141,434円～詳細･予約', 'ポイント22%分利用で187,598円～朝食付2名税込146,348円～詳細･予約', 'ポイント22%分利用で206,736円～夕朝食付2名税込161,262円～詳細･予約']"
ザ・ホテル青龍 京都清水（The Hotel Seiryu Kyoto Kiyomizu）,京都府・清水五条 [全48室],スーペリアキング パゴダビュー【宿泊者専用無料ラウンジ付き】,"['ポイント7%分利用で152,074円～2名税込141,434円～詳細･予約', 'ポイント22%分利用で187,598円～朝食付2名税込146,348円～詳細･予約', 'ポイント22%分利用で206,736円～夕朝食付2名税込161,262円～詳細･予約']"
ザ・ホテル青龍 京都清水（The Hotel Seiryu Kyoto Kiyomizu）,京都府・清水五条 [全48室],デラックスツイン パゴダビュー【宿泊者専用無料ラウンジ付き】,"['ポイント7%分利用で158,736円～2名税込147,627円～詳細･予約', 'ポイント22%分利用で195,214円～朝食付2名税込152,270円～詳細･予約', 'ポイント22%分利用で213,876円～夕朝食付2名税込166,840円～詳細･予約']"
ザ・ホテル青龍 京都清水（The Hotel Seiryu Kyoto Kiyomizu）,京都府・清水五条 [全48室],プレミアムツイン パゴダビュー【宿泊者専用無料ラウンジ付き】,"['ポイント7%分利用で172,072円～2名税込160,032円～詳細･予約', 'ポイント22%分利用で210,454円～朝食付2名税込164,166円～詳細･予約', 'ポイント22%分利用で228,162円～夕朝食付2名税込177,980円～詳細･予約']"
ザ・ホテル青龍 京都清水（The Hotel Seiryu Kyoto Kiyomizu）,京都府・清水五条 [全48室],テラスツイン【宿泊者専用無料ラウンジ付き】,"['ポイント7%分利用で185,410円～2名税込172,432円～詳細･予約', 'ポイント22%分利用で225,696円～朝食付2名税込176,064円～詳細･予約', 'ポイント22%分利用で242,452円～夕朝食付2名税込189,124円～詳細･予約']"
ザ・ホテル青龍 京都清水（The Hotel Seiryu Kyoto Kiyomizu）,京都府・清水五条 [全48室],ジュニアスイート クラシック【宿泊者専用無料ラウンジ付き】,"['ポイント7%分利用で185,410円～2名税込172,432円～詳細･予約', 'ポイント22%分利用で225,696円～朝食付2名税込176,064円～詳細･予約', 'ポイント22%分利用で242,452円～夕朝食付2名税込189,124円～詳細･予約']"
ザ・ホテル青龍 京都清水（The Hotel Seiryu Kyoto Kiyomizu）,京都府・清水五条 [全48室],ジュニアスイート モダン【宿泊者専用無料ラウンジ付き】,"['ポイント7%分利用で185,410円～2名税込172,432円～詳細･予約', 'ポイント22%分利用で225,696円～朝食付2名税込176,064円～詳細･予約', 'ポイント22%分利用で242,452円～夕朝食付2名税込189,124円～詳細･予約']"
ザ・ホテル青龍 京都清水（The Hotel Seiryu Kyoto Kiyomizu）,京都府・清水五条 [全48室],テラスツイン パゴダビュー【宿泊者専用無料ラウンジ付き】,"['ポイント7%分利用で351,554円～2名税込326,949円～詳細･予約', 'ポイント22%分利用で415,576円～朝食付2名税込324,166円～詳細･予約', 'ポイント22%分利用で420,466円～夕朝食付2名税込327,978円～詳細･予約']"
ザ・ホテル青龍 京都清水（The Hotel Seiryu Kyoto Kiyomizu）,京都府・清水五条 [全48室],パノラミックスイート【宿泊者専用無料ラウンジ付き】,"['ポイント7%分利用で643,126円～2名税込598,109円～詳細･予約', 'ポイント22%分利用で732,862円～夕朝食付2名税込571,646円～詳細･予約', 'ポイント22%分利用で748,800円～朝食付2名税込584,064円～詳細･予約']"
ソラリア西鉄ホテル京都プレミア　三条鴨川,京都府・三条/河原町 [全200室],【禁煙】ダブル,"['ポイント19%分利用で17,000円～2名税込13,770円～詳細･予約', 'ポイント19%分利用で23,000円～朝食付2名税込18,630円～詳細･予約']"
ソラリア西鉄ホテル京都プレミア　三条鴨川,京都府・三条/河原町 [全200室],【禁煙】スタンダードツイン,"['ポイント19%分利用で17,000円～2名税込13,770円～詳細･予約', 'ポイント19%分利用で23,000円～朝食付2名税込18,630円～詳細･予約']"
ソラリア西鉄ホテル京都プレミア　三条鴨川,京都府・三条/河原町 [全200室],【禁煙】ビューバスツイン,"['ポイント19%分利用で17,000円～2名税込13,770円～詳細･予約', 'ポイント19%分利用で23,000円～朝食付2名税込18,630円～詳細･予約']"
ソラリア西鉄ホテル京都プレミア　三条鴨川,京都府・三条/河原町 [全200室],【禁煙】ガーデンツイン,"['ポイント19%分利用で22,000円～2名税込17,820円～詳細･予約', 'ポイント19%分利用で28,000円～朝食付2名税込22,680円～詳細･予約']"
ソラリア西鉄ホテル京都プレミア　三条鴨川,京都府・三条/河原町 [全200室],【禁煙】スーペリアコーナーツイン,"['ポイント19%分利用で25,000円～2名税込20,250円～詳細･予約', 'ポイント19%分利用で31,000円～朝食付2名税込25,110円～詳細･予約']"
ソラリア西鉄ホテル京都プレミア　三条鴨川,京都府・三条/河原町 [全200室],【禁煙】スーペリア鴨川ツイン,"['ポイント19%分利用で25,000円～2名税込20,250円～詳細･予約', 'ポイント19%分利用で31,000円～朝食付2名税込25,110円～詳細･予約']"
ソラリア西鉄ホテル京都プレミア　三条鴨川,京都府・三条/河原町 [全200室],【禁煙】スーペリア鴨川トリプル,"['ポイント19%分利用で31,500円～2名税込25,515円～詳細･予約', 'ポイント19%分利用で37,500円～朝食付2名税込30,375円～詳細･予約']"
ソラリア西鉄ホテル京都プレミア　三条鴨川,京都府・三条/河原町 [全200室],【禁煙】エグゼクティブツイン,"['ポイント19%分利用で38,500円～2名税込31,185円～詳細･予約', 'ポイント19%分利用で44,500円～朝食付2名税込36,045円～詳細･予約']"
ソラリア西鉄ホテル京都プレミア　三条鴨川,京都府・三条/河原町 [全200室],【禁煙】ガーデンスイート,"['ポイント19%分利用で42,000円～2名税込34,020円～詳細･予約', 'ポイント19%分利用で48,000円～朝食付2名税込38,880円～詳細･予約']"
ソラリア西鉄ホテル京都プレミア　三条鴨川,京都府・三条/河原町 [全200室],【禁煙】鴨川スイート,"['ポイント19%分利用で51,000円～2名税込41,310円～詳細･予約', 'ポイント19%分利用で57,000円～朝食付2名税込46,170円～詳細･予約']"
The Okura Tokyo,東京都・虎ノ門 [全508室],プレステージルーム（ビューバス）ツイン　【禁煙】,"['ポイント5%分利用で75,267円～2名税込71,507円～詳細･予約', 'ポイント5%分利用で84,729円～朝食付2名税込80,494円～詳細･予約']"
The Okura Tokyo,東京都・虎ノ門 [全508室],プレステージルーム（ビューバス）キング　【禁煙】,"['ポイント5%分利用で75,267円～2名税込71,507円～詳細･予約', 'ポイント5%分利用で84,729円～朝食付2名税込80,494円～詳細･予約']"
The Okura Tokyo,東京都・虎ノ門 [全508室],プレステージルーム　ツイン　【禁煙】,"['ポイント5%分利用で75,267円～2名税込71,507円～詳細･予約', 'ポイント5%分利用で84,729円～朝食付2名税込80,494円～詳細･予約']"
The Okura Tokyo,東京都・虎ノ門 [全508室],プレステージルーム　ツイン　アッパーフロア　【禁煙】,"['ポイント5%分利用で78,493円～2名税込74,573円～詳細･予約', 'ポイント5%分利用で87,955円～朝食付2名税込83,560円～詳細･予約']"
The Okura Tokyo,東京都・虎ノ門 [全508室],プレステージルーム（ビューバス）キングアッパーフロア【禁煙】,"['ポイント5%分利用で78,493円～2名税込74,573円～詳細･予約', 'ポイント5%分利用で87,955円～朝食付2名税込83,560円～詳細･予約']"
The Okura Tokyo,東京都・虎ノ門 [全508室],プレステージルーム（ビューバス）ツインアッパーフロア【禁煙】,"['ポイント5%分利用で78,493円～2名税込74,573円～詳細･予約', 'ポイント5%分利用で87,955円～朝食付2名税込83,560円～詳細･予約']"
The Okura Tokyo,東京都・虎ノ門 [全508室],プレステージコーナー　ツイン　【禁煙】,"['ポイント5%分利用で83,869円～2名税込79,679円～詳細･予約', 'ポイント5%分利用で93,331円～朝食付2名税込88,666円～詳細･予約']"
The Okura Tokyo,東京都・虎ノ門 [全508室],プレステージコーナー　キング　【禁煙】,"['ポイント5%分利用で83,869円～2名税込79,679円～詳細･予約', 'ポイント5%分利用で93,331円～朝食付2名税込88,666円～詳細･予約']"
The Okura Tokyo,東京都・虎ノ門 [全508室],ヘリテージルーム　ツイン 【禁煙】クラブラウンジアクセスなし,"['ポイント5%分利用で94,622円～2名税込89,892円～詳細･予約', 'ポイント5%分利用で104,084円～朝食付2名税込98,884円～詳細･予約']"
The Okura Tokyo,東京都・虎ノ門 [全508室],ヘリテージルーム（ビューバス）キング 【禁煙】ラウンジなし,"['ポイント5%分利用で94,622円～2名税込89,892円～詳細･予約', 'ポイント5%分利用で104,084円～朝食付2名税込98,884円～詳細･予約']"
The Okura Tokyo,東京都・虎ノ門 [全508室],ヘリテージルーム（ビューバス）ツイン 【禁煙】ラウンジなし,"['ポイント5%分利用で94,622円～2名税込89,892円～詳細･予約', 'ポイント5%分利用で104,084円～朝食付2名税込98,884円～詳細･予約']"
The Okura Tokyo,東京都・虎ノ門 [全508室],ヘリテージルーム　キング 【禁煙】クラブラウンジアクセスなし,"['ポイント5%分利用で97,847円～2名税込92,957円～詳細･予約', 'ポイント5%分利用で107,309円～朝食付2名税込101,944円～詳細･予約']"
The Okura Tokyo,東京都・虎ノ門 [全508室],クラブルーム（ビューバス）ツイン　【禁煙】,"['ポイント5%分利用で104,084円～朝食付2名税込98,884円～詳細･予約']"
The Okura Tokyo,東京都・虎ノ門 [全508室],クラブルーム（ビューバス）キング　【禁煙】,"['ポイント5%分利用で104,084円～朝食付2名税込98,884円～詳細･予約']"
The Okura Tokyo,東京都・虎ノ門 [全508室],クラブルーム　ツイン　【禁煙】,"['ポイント5%分利用で104,084円～朝食付2名税込98,884円～詳細･予約']"
The Okura Tokyo,東京都・虎ノ門 [全508室],クラブコーナー　ツイン　【禁煙】,"['ポイント5%分利用で109,460円～朝食付2名税込103,990円～詳細･予約']"
The Okura Tokyo,東京都・虎ノ門 [全508室],プレステージルーム　ツイン　アッパーフロア【喫煙】,"['ポイント5%分利用で117,645円～2名税込111,765円～詳細･予約', 'ポイント5%分利用で128,777円～朝食付2名税込122,342円～詳細･予約']"
The Okura Tokyo,東京都・虎ノ門 [全508室],プレステージルーム（ビューバス）キングアッパーフロア【喫煙】,"['ポイント5%分利用で117,645円～2名税込111,765円～詳細･予約', 'ポイント5%分利用で128,777円～朝食付2名税込122,342円～詳細･予約']"
The Okura Tokyo,東京都・虎ノ門 [全508室],プレステージルーム（ビューバス）ツインアッパーフロア【喫煙】,"['ポイント5%分利用で117,645円～2名税込111,765円～詳細･予約', 'ポイント5%分利用で128,777円～朝食付2名税込122,342円～詳細･予約']"
The Okura Tokyo,東京都・虎ノ門 [全508室],ヘリテージルーム（ビューバス）ツイン　【禁煙】,"['ポイント5%分利用で118,277円～朝食付2名税込112,367円～詳細･予約']"
The Okura Tokyo,東京都・虎ノ門 [全508室],ヘリテージルーム（ビューバス）キング　【禁煙】,"['ポイント5%分利用で118,277円～朝食付2名税込112,367円～詳細･予約']"
The Okura Tokyo,東京都・虎ノ門 [全508室],ヘリテージルーム　ツイン　【禁煙】,"['ポイント5%分利用で118,277円～朝食付2名税込112,367円～詳細･予約']"
The Okura Tokyo,東京都・虎ノ門 [全508室],ヘリテージルーム　ツイン　【喫煙】,"['ポイント5%分利用で118,277円～朝食付2名税込112,367円～詳細･予約']"
The Okura Tokyo,東京都・虎ノ門 [全508室],ヘリテージルーム　キング　【禁煙】,"['ポイント5%分利用で123,653円～朝食付2名税込117,473円～詳細･予約']"
The Okura Tokyo,東京都・虎ノ門 [全508室],プレステージコーナー　ツイン　【喫煙】,"['ポイント5%分利用で123,970円～2名税込117,775円～詳細･予約', 'ポイント5%分利用で135,102円～朝食付2名税込128,347円～詳細･予約']"
The Okura Tokyo,東京都・虎ノ門 [全508室],ヘリテージルーム（ビューバス）ツイン　バルコニー付　【禁煙】,"['ポイント5%分利用で129,030円～朝食付2名税込122,580円～詳細･予約']"
The Okura Tokyo,東京都・虎ノ門 [全508室],ヘリテージルーム（ビューバス）キング　バルコニー付　【禁煙】,"['ポイント5%分利用で129,030円～朝食付2名税込122,580円～詳細･予約']"
The Okura Tokyo,東京都・虎ノ門 [全508室],クラブスイート　ツイン　【禁煙】,"['ポイント5%分利用で236,555円～朝食付2名税込224,730円～詳細･予約']"
The Okura Tokyo,東京都・虎ノ門 [全508室],クラブスイート　キング　【禁煙】,"['ポイント5%分利用で236,555円～朝食付2名税込224,730円～詳細･予約']"
The Okura Tokyo,東京都・虎ノ門 [全508室],ヘリテージスイート　キング　【禁煙】,"['ポイント5%分利用で274,188円～朝食付2名税込260,483円～詳細･予約']"
The Okura Tokyo,東京都・虎ノ門 [全508室],ヘリテージスイート　【禁煙】,"['ポイント5%分利用で274,188円～朝食付2名税込260,483円～詳細･予約']"
The Okura Tokyo,東京都・虎ノ門 [全508室],アンバサダースイート　【禁煙】,"['ポイント5%分利用で506,000円～朝食付2名税込480,700円～詳細･予約']"
The Okura Tokyo,東京都・虎ノ門 [全508室],ロイヤルスイート　【禁煙】,"['ポイント5%分利用で885,500円～朝食付2名税込841,225円～詳細･予約']"
ウェスティン都ホテル京都,京都府・東山けあげ  / 京都温泉[全266室],デラックスツイン,"['ポイント2%分利用で40,480円～2名税込39,672円～詳細･予約', 'ポイント2%分利用で48,070円～朝食付2名税込47,110円～詳細･予約']"
ウェスティン都ホテル京都,京都府・東山けあげ  / 京都温泉[全266室],デラックスキング,"['ポイント2%分利用で40,480円～2名税込39,672円～詳細･予約', 'ポイント2%分利用で48,070円～朝食付2名税込47,110円～詳細･予約']"
ウェスティン都ホテル京都,京都府・東山けあげ  / 京都温泉[全266室],デラックス平安京ビュー ツイン,"['ポイント2%分利用で50,600円～2名税込49,588円～詳細･予約', 'ポイント2%分利用で58,190円～朝食付2名税込57,028円～詳細･予約']"
ウェスティン都ホテル京都,京都府・東山けあげ  / 京都温泉[全266室],デラックス平安京ビューキング,"['ポイント2%分利用で50,600円～2名税込49,588円～詳細･予約', 'ポイント2%分利用で58,190円～朝食付2名税込57,028円～詳細･予約']"
ウェスティン都ホテル京都,京都府・東山けあげ  / 京都温泉[全266室],【ラウンジ付】ジュニアスイート 1キング,"['ポイント2%分利用で65,984円～朝食付2名税込64,666円～詳細･予約']"
ウェスティン都ホテル京都,京都府・東山けあげ  / 京都温泉[全266室],【ラウンジ付】ジュニアスイート 2ダブル,"['ポイント2%分利用で77,630円～朝食付2名税込76,078円～詳細･予約']"
ウェスティン都ホテル京都,京都府・東山けあげ  / 京都温泉[全266室],【ラウンジ付】ジュニアスイート平安京ビュー 1キング,"['ポイント2%分利用で91,084円～朝食付2名税込89,264円～詳細･予約']"
ウェスティン都ホテル京都,京都府・東山けあげ  / 京都温泉[全266室],【ラウンジ付】ジュニアスイート平安京ビュー 2ダブル,"['ポイント2%分利用で91,084円～朝食付2名税込89,264円～詳細･予約']"
ウェスティン都ホテル京都,京都府・東山けあげ  / 京都温泉[全266室],【ラウンジ付】ラグジュアリースイート 2ダブル,"['ポイント2%分利用で111,514円～朝食付2名税込109,284円～詳細･予約']"
ウェスティン都ホテル京都,京都府・東山けあげ  / 京都温泉[全266室],【ラウンジ付】ラグジュアリースイート 1キング,"['ポイント2%分利用で111,514円～朝食付2名税込109,284円～詳細･予約']"
ウェスティン都ホテル京都,京都府・東山けあげ  / 京都温泉[全266室],【ラウンジ付】ラグジュアリースイート平安京ビュー 2ダブル,"['ポイント2%分利用で125,372円～朝食付2名税込122,866円～詳細･予約']"
ウェスティン都ホテル京都,京都府・東山けあげ  / 京都温泉[全266室],【ラウンジ付】ラグジュアリースイート平安京ビュー 1キング,"['ポイント2%分利用で142,740円～朝食付2名税込139,886円～詳細･予約']"
ウェスティン都ホテル京都,京都府・東山けあげ  / 京都温泉[全266室],【ラウンジ付】2ベッドルームスイート 1キング＆2シングル,"['ポイント2%分利用で142,740円～朝食付2名税込139,886円～詳細･予約']"
ウェスティン都ホテル京都,京都府・東山けあげ  / 京都温泉[全266室],数寄屋風別館「佳水園」天然温泉風呂付 ツイン 63～68平米,"['ポイント2%分利用で163,994円～朝食付2名税込160,716円～詳細･予約']"
ウェスティン都ホテル京都,京都府・東山けあげ  / 京都温泉[全266室],数寄屋風別館「佳水園」天然温泉風呂付 キング 70～84平米,"['ポイント2%分利用で189,576円～朝食付2名税込185,786円～詳細･予約']"
ウェスティン都ホテル京都,京都府・東山けあげ  / 京都温泉[全266室],数寄屋風別館「佳水園」天然温泉風呂付 ツイン 100平米,"['ポイント2%分利用で260,668円～朝食付2名税込255,456円～詳細･予約']"
