Hotel Name,Hotel Link,Location,Price,Plan Name,Plan Link,Per Person Price,Total Price
ホテルサンターガス上野店,https://www.jalan.net/yad339296/,JR上野駅広小路口より徒歩４分、東京メトロ上野駅３番出口より徒歩３分,1円～,☆70歳以上限定☆宿泊日当日誕生日プラン☆要写真付身分証☆,https://www.jalan.net/uw/uwp3200/uww3201init.do?yadNo=339296&planCd=03339495&roomTypeCd=0200621&adultNum=2&dateUndecided=1,1円～,1円～
ホテルサンターガス上野店,https://www.jalan.net/yad339296/,JR上野駅広小路口より徒歩４分、東京メトロ上野駅３番出口より徒歩３分,1円～,☆70歳以上限定☆宿泊日当日誕生日プラン☆要写真付身分証☆,https://www.jalan.net/uw/uwp3200/uww3201init.do?yadNo=339296&planCd=03339495&roomTypeCd=0200608&adultNum=2&dateUndecided=1,1円～,1円～
ホテルサンターガス上野店,https://www.jalan.net/yad339296/,JR上野駅広小路口より徒歩４分、東京メトロ上野駅３番出口より徒歩３分,1円～,☆３泊ごとのＥＣＯ清掃 シンプルステイプラン☆　※２泊からのご予約が可能です,https://www.jalan.net/uw/uwp3200/uww3201init.do?yadNo=339296&planCd=03572700&roomTypeCd=0200621&adultNum=2&dateUndecided=1,N/A,N/A
Ｊホテル東京ジオ,https://www.jalan.net/yad357898/,東京駅、神田駅、大手町、三越前駅、徒歩5分～7分と各種最寄♪ディズニー最寄り駅の舞浜まで快速3駅14分可,1円～,【数量限定】【素泊り】ウィークリープラン長期滞在でお得に♪ Wi-Fi環境有りです！,https://www.jalan.net/uw/uwp3200/uww3201init.do?yadNo=357898&planCd=03424255&roomTypeCd=0448021&adultNum=2&dateUndecided=1,N/A,N/A
Ｊホテル東京ジオ,https://www.jalan.net/yad357898/,東京駅、神田駅、大手町、三越前駅、徒歩5分～7分と各種最寄♪ディズニー最寄り駅の舞浜まで快速3駅14分可,1円～,【一人旅応援】【素泊り】クイーンベッドを独り占め♪東京メトロ24時間乗り放題乗車券付き！,https://www.jalan.net/uw/uwp3200/uww3201init.do?yadNo=357898&planCd=03432913&roomTypeCd=0461057&adultNum=2&dateUndecided=1,"11,880円～","11,880円～"
Ｊホテル東京ジオ,https://www.jalan.net/yad357898/,東京駅、神田駅、大手町、三越前駅、徒歩5分～7分と各種最寄♪ディズニー最寄り駅の舞浜まで快速3駅14分可,1円～,【U25or学生限定】【素泊り】暑い夏こそ！涼しいお部屋でプロジェクター鑑賞会♪ホカンスを楽しもう！,https://www.jalan.net/uw/uwp3200/uww3201init.do?yadNo=357898&planCd=03390674&roomTypeCd=0454209&adultNum=2&dateUndecided=1,"11,990円～","11,990円～"
ニューパークホテル,https://www.jalan.net/yad364576/,JR上野駅、広小路口より徒歩４分。東京メトロ地下鉄３番出口より徒歩２分。京成上野駅より徒歩７分。,1円～,☆70歳以上限定☆宿泊日当日誕生日プラン☆要写真付身分証☆,https://www.jalan.net/uw/uwp3200/uww3201init.do?yadNo=364576&planCd=03808784&roomTypeCd=0201718&adultNum=2&dateUndecided=1,1円～,1円～
ニューパークホテル,https://www.jalan.net/yad364576/,JR上野駅、広小路口より徒歩４分。東京メトロ地下鉄３番出口より徒歩２分。京成上野駅より徒歩７分。,1円～,☆70歳以上限定☆宿泊日当日誕生日プラン☆要写真付身分証☆,https://www.jalan.net/uw/uwp3200/uww3201init.do?yadNo=364576&planCd=03808784&roomTypeCd=0201717&adultNum=2&dateUndecided=1,1円～,1円～
ニューパークホテル,https://www.jalan.net/yad364576/,JR上野駅、広小路口より徒歩４分。東京メトロ地下鉄３番出口より徒歩２分。京成上野駅より徒歩７分。,1円～,☆３泊ごとのＥＣＯ清掃 シンプルステイプラン☆　※２泊からのご予約が可能です,https://www.jalan.net/uw/uwp3200/uww3201init.do?yadNo=364576&planCd=03760714&roomTypeCd=0201718&adultNum=2&dateUndecided=1,N/A,N/A
ＴＯＫＩＯ’ｓ　ＨＯＴＥＬ,https://www.jalan.net/yad310032/,東京駅まで快速15分！交通アクセスJR京浜東北線王子駅北口・南北線王子駅4番1分。その他バス路線多数,"1,500円～",【特別 割引】お得な連泊プラン♪ 7泊-デスク＆Wi-Fi完備・サウナ無料（男性専用）,https://www.jalan.net/uw/uwp3200/uww3201init.do?yadNo=310032&planCd=03698824&roomTypeCd=0549625&adultNum=2&dateUndecided=1,N/A,N/A
ＴＯＫＩＯ’ｓ　ＨＯＴＥＬ,https://www.jalan.net/yad310032/,東京駅まで快速15分！交通アクセスJR京浜東北線王子駅北口・南北線王子駅4番1分。その他バス路線多数,"1,500円～",【特別 割引】お得な連泊プラン♪ 7泊-デスク＆Wi-Fi完備・サウナ無料（男性専用）,https://www.jalan.net/uw/uwp3200/uww3201init.do?yadNo=310032&planCd=03698824&roomTypeCd=0549624&adultNum=2&dateUndecided=1,N/A,N/A
ＴＯＫＩＯ’ｓ　ＨＯＴＥＬ,https://www.jalan.net/yad310032/,東京駅まで快速15分！交通アクセスJR京浜東北線王子駅北口・南北線王子駅4番1分。その他バス路線多数,"1,500円～",【特別 割引】お得な連泊プラン♪ 3泊-デスク＆Wi-Fi完備・サウナ無料（男性専用）,https://www.jalan.net/uw/uwp3200/uww3201init.do?yadNo=310032&planCd=03698823&roomTypeCd=0549625&adultNum=2&dateUndecided=1,N/A,N/A
ＣＯＧＯ　ＲＹＯＧＯＫＵ,https://www.jalan.net/yad336410/,・総武線 両国駅 徒歩5分 ・大江戸線 両国駅 徒歩3分,"2,341円～",【7泊以上のお客様限定でお得な割引】観光やビジネスの拠点に☆ウィークリープラン,https://www.jalan.net/uw/uwp3200/uww3201init.do?yadNo=336410&planCd=03713990&roomTypeCd=0546894&adultNum=2&dateUndecided=1,N/A,N/A
ＣＯＧＯ　ＲＹＯＧＯＫＵ,https://www.jalan.net/yad336410/,・総武線 両国駅 徒歩5分 ・大江戸線 両国駅 徒歩3分,"2,341円～",【1週間以内のご滞在の方☆最安値】ご予定が確定している方におすすめ！返金不可プラン,https://www.jalan.net/uw/uwp3200/uww3201init.do?yadNo=336410&planCd=03713988&roomTypeCd=0546894&adultNum=2&dateUndecided=1,-円,"2,394円～"
ＣＯＧＯ　ＲＹＯＧＯＫＵ,https://www.jalan.net/yad336410/,・総武線 両国駅 徒歩5分 ・大江戸線 両国駅 徒歩3分,"2,341円～",【じゃらんのお得な10日間】素泊まりプラン◇浅草・秋葉原へのアクセス抜群,https://www.jalan.net/uw/uwp3200/uww3201init.do?yadNo=336410&planCd=03873790&roomTypeCd=0546894&adultNum=2&dateUndecided=1,-円,"2,527円～"
TenTen Guesthouse,https://www.jalan.net/yad339853/,浅草駅徒歩5分,"2,500円～",ミックスドミトリー素泊まりプラン,https://www.jalan.net/uw/uwp3200/uww3201init.do?yadNo=339853&planCd=03803820&roomTypeCd=0561662&adultNum=2&dateUndecided=1,N/A,N/A
TenTen Guesthouse,https://www.jalan.net/yad339853/,浅草駅徒歩5分,"2,500円～",エコノミーツイン素泊まりプラン,https://www.jalan.net/uw/uwp3200/uww3201init.do?yadNo=339853&planCd=03801605&roomTypeCd=0561663&adultNum=2&dateUndecided=1,N/A,N/A
ロードス神楽坂ホテル,https://www.jalan.net/yad338836/,牛込神楽坂駅から徒歩３分,"2,500円～",共用ドミトリー,https://www.jalan.net/uw/uwp3200/uww3201init.do?yadNo=338836&planCd=03659550&roomTypeCd=0545039&adultNum=2&dateUndecided=1,-円,"2,500円～"
ロードス神楽坂ホテル,https://www.jalan.net/yad338836/,牛込神楽坂駅から徒歩３分,"2,500円～",女性専用ドミトリー,https://www.jalan.net/uw/uwp3200/uww3201init.do?yadNo=338836&planCd=03651645&roomTypeCd=0544033&adultNum=2&dateUndecided=1,-円,"3,000円～"
ロードス神楽坂ホテル,https://www.jalan.net/yad338836/,牛込神楽坂駅から徒歩３分,"2,500円～",ダブルベッド,https://www.jalan.net/uw/uwp3200/uww3201init.do?yadNo=338836&planCd=03651646&roomTypeCd=0544025&adultNum=2&dateUndecided=1,-円,"6,900円～"
Glamping Tokyo Asakusa,https://www.jalan.net/yad323418/,銀座線 浅草駅 徒歩11分／つくばエクスプレス 浅草駅 徒歩6分／銀座線 田原町駅 徒歩12分,"2,600円～",【事前割】10％OFF！選べるお部屋タイプ★お得なプランで浅草満喫♪,https://www.jalan.net/uw/uwp3200/uww3201init.do?yadNo=323418&planCd=03000398&roomTypeCd=0469315&adultNum=2&dateUndecided=1,"2,600円～","2,600円～"
Glamping Tokyo Asakusa,https://www.jalan.net/yad323418/,銀座線 浅草駅 徒歩11分／つくばエクスプレス 浅草駅 徒歩6分／銀座線 田原町駅 徒歩12分,"2,600円～",【事前割】10％OFF！選べるお部屋タイプ★お得なプランで浅草満喫♪,https://www.jalan.net/uw/uwp3200/uww3201init.do?yadNo=323418&planCd=03000398&roomTypeCd=0538997&adultNum=2&dateUndecided=1,-円,"2,600円～"
Glamping Tokyo Asakusa,https://www.jalan.net/yad323418/,銀座線 浅草駅 徒歩11分／つくばエクスプレス 浅草駅 徒歩6分／銀座線 田原町駅 徒歩12分,"2,600円～",【じゃらんのお得な10日間】浅草の路地裏を明るく照らすコンセプトホステル・スタンダードプラン,https://www.jalan.net/uw/uwp3200/uww3201init.do?yadNo=323418&planCd=03873820&roomTypeCd=0469315&adultNum=2&dateUndecided=1,-円,"2,744円～"
カプセル＆サウナ　池袋プラザ,https://www.jalan.net/yad372290/,JR池袋駅西口より徒歩5分。東京メトロ地下出口C6より徒歩1分。丸井近く。スーパーホテル裏。,"3,000円～",【女性限定！】◆女性専用フロア　カプセルプラン！◆,https://www.jalan.net/uw/uwp3200/uww3201init.do?yadNo=372290&planCd=00786151&roomTypeCd=0173879&adultNum=2&dateUndecided=1,-円,"3,000円～"
カプセル＆サウナ　池袋プラザ,https://www.jalan.net/yad372290/,JR池袋駅西口より徒歩5分。東京メトロ地下出口C6より徒歩1分。丸井近く。スーパーホテル裏。,"3,000円～",【はじめての方必見！】◆男性素泊りおためし+WI-Fi無料+スマホ充電無料+温泉無料プラン！◆,https://www.jalan.net/uw/uwp3200/uww3201init.do?yadNo=372290&planCd=00828234&roomTypeCd=0181153&adultNum=2&dateUndecided=1,-円,"3,600円～"
カプセル＆サウナ　池袋プラザ,https://www.jalan.net/yad372290/,JR池袋駅西口より徒歩5分。東京メトロ地下出口C6より徒歩1分。丸井近く。スーパーホテル裏。,"3,000円～",【宿泊の王道！】◆男性素泊りスタンダード+Wi-Fi無料+スマホ充電無料+温泉無料プラン！◆,https://www.jalan.net/uw/uwp3200/uww3201init.do?yadNo=372290&planCd=01774264&roomTypeCd=0311418&adultNum=2&dateUndecided=1,-円,"3,900円～"
ホテルヒカリ,https://www.jalan.net/yad346017/,東京メトロ地下鉄南千住駅（南口）より吉野通りを南に進み、泪橋交差点を渡ってすぐ左側にがございます。,"3,100円～","【現金特価】第2弾！！東京満喫プラン♪　日月2連泊限定で6,200円♪",https://www.jalan.net/uw/uwp3200/uww3201init.do?yadNo=346017&planCd=03867298&roomTypeCd=0123680&adultNum=2&dateUndecided=1,N/A,N/A
ホテルヒカリ,https://www.jalan.net/yad346017/,東京メトロ地下鉄南千住駅（南口）より吉野通りを南に進み、泪橋交差点を渡ってすぐ左側にがございます。,"3,100円～","【現金特価】第2弾！！東京満喫プラン♪　日月2連泊限定で6,200円♪",https://www.jalan.net/uw/uwp3200/uww3201init.do?yadNo=346017&planCd=03867298&roomTypeCd=0171150&adultNum=2&dateUndecided=1,N/A,N/A
ホテルヒカリ,https://www.jalan.net/yad346017/,東京メトロ地下鉄南千住駅（南口）より吉野通りを南に進み、泪橋交差点を渡ってすぐ左側にがございます。,"3,100円～","【現金特価】東京満喫プラン♪　土日2連泊限定で7,200円！",https://www.jalan.net/uw/uwp3200/uww3201init.do?yadNo=346017&planCd=03867307&roomTypeCd=0171150&adultNum=2&dateUndecided=1,N/A,N/A
カプセルイン大塚,https://www.jalan.net/yad325476/,ＪＲ山手線大塚駅下車、北口より徒歩３０秒,"3,200円～",【女性プラン】圧倒的価格！１泊￥３，２００円～！！！！（女性専用フロア完備）,https://www.jalan.net/uw/uwp3200/uww3201init.do?yadNo=325476&planCd=02221182&roomTypeCd=0363374&adultNum=2&dateUndecided=1,"3,200円～","3,200円～"
カプセルイン大塚,https://www.jalan.net/yad325476/,ＪＲ山手線大塚駅下車、北口より徒歩３０秒,"3,200円～",【男性プラン】　JR山手線　大塚駅改札から徒歩３０秒（走れば１０秒！）★大浴場＆サウナ完備★,https://www.jalan.net/uw/uwp3200/uww3201init.do?yadNo=325476&planCd=01116562&roomTypeCd=0146948&adultNum=2&dateUndecided=1,"3,900円～","3,900円～"
カプセルホテル新宿５１０,https://www.jalan.net/yad336018/,JR新宿駅より徒歩８分～１０分と好立地☆,"3,300円～",【男性専用・テレビ無し・上段限定】プラン,https://www.jalan.net/uw/uwp3200/uww3201init.do?yadNo=336018&planCd=03590079&roomTypeCd=0536265&adultNum=2&dateUndecided=1,"3,300円～","3,300円～"
カプセルホテル新宿５１０,https://www.jalan.net/yad336018/,JR新宿駅より徒歩８分～１０分と好立地☆,"3,300円～",【男性専用プラン・上段限定】チェックアウトは翌日１２時プラン！現地カード支払い可,https://www.jalan.net/uw/uwp3200/uww3201init.do?yadNo=336018&planCd=03489702&roomTypeCd=0525665&adultNum=2&dateUndecided=1,"3,400円～","3,400円～"
カプセルホテル新宿５１０,https://www.jalan.net/yad336018/,JR新宿駅より徒歩８分～１０分と好立地☆,"3,300円～",【男性専用・テレビ無し・下段限定】プラン,https://www.jalan.net/uw/uwp3200/uww3201init.do?yadNo=336018&planCd=03591112&roomTypeCd=0536415&adultNum=2&dateUndecided=1,"3,400円～","3,400円～"
Tokyo Guest House Ouji Music Lounge,https://www.jalan.net/yad338424/,JR王子駅北口改札を左に曲り外に出たら左、大通りを右に曲がり、坂を上がって信号を渡って左斜めにホテル,"3,300円～",★部屋タイプ充実！格安シンプルプラン★,https://www.jalan.net/uw/uwp3200/uww3201init.do?yadNo=338424&planCd=02393531&roomTypeCd=0389294&adultNum=2&dateUndecided=1,-円,"3,300円～"
Tokyo Guest House Ouji Music Lounge,https://www.jalan.net/yad338424/,JR王子駅北口改札を左に曲り外に出たら左、大通りを右に曲がり、坂を上がって信号を渡って左斜めにホテル,"3,300円～",★部屋タイプ充実！格安シンプルプラン★,https://www.jalan.net/uw/uwp3200/uww3201init.do?yadNo=338424&planCd=02393531&roomTypeCd=0389101&adultNum=2&dateUndecided=1,-円,"3,800円～"
Tokyo Guest House Ouji Music Lounge,https://www.jalan.net/yad338424/,JR王子駅北口改札を左に曲り外に出たら左、大通りを右に曲がり、坂を上がって信号を渡って左斜めにホテル,"3,300円～",★部屋タイプ充実！格安シンプルプラン★,https://www.jalan.net/uw/uwp3200/uww3201init.do?yadNo=338424&planCd=02393531&roomTypeCd=0389104&adultNum=2&dateUndecided=1,-円,"9,000円～"
カプセル＆サウナ　コスモプラザ赤羽,https://www.jalan.net/yad386748/,JR赤羽駅東口より徒歩3分。一番街商店街入口より徒歩2分。,"3,300円～",【はじめての方必見！】◆男性素泊りおためし+Wi-Fi無料+スマホ充電無料+温泉無料プラン！◆,https://www.jalan.net/uw/uwp3200/uww3201init.do?yadNo=386748&planCd=00798745&roomTypeCd=0176268&adultNum=2&dateUndecided=1,-円,"3,300円～"
カプセル＆サウナ　コスモプラザ赤羽,https://www.jalan.net/yad386748/,JR赤羽駅東口より徒歩3分。一番街商店街入口より徒歩2分。,"3,300円～",【宿泊の王道！】◆男性素泊りスタンダード+Wi-Fi無料+スマホ充電無料+温泉無料プラン！◆,https://www.jalan.net/uw/uwp3200/uww3201init.do?yadNo=386748&planCd=01774289&roomTypeCd=0311423&adultNum=2&dateUndecided=1,-円,"3,600円～"
カプセル＆サウナ　コスモプラザ赤羽,https://www.jalan.net/yad386748/,JR赤羽駅東口より徒歩3分。一番街商店街入口より徒歩2分。,"3,300円～",【サウナー必見！】◆男性素泊りスタンダード+プラザ系列店サウナ無料券付プラン！◆,https://www.jalan.net/uw/uwp3200/uww3201init.do?yadNo=386748&planCd=02813985&roomTypeCd=0311423&adultNum=2&dateUndecided=1,"4,000円～","4,000円～"
スパ＆カプセルホテル　グランパーク・イン北千住,https://www.jalan.net/yad348752/,北千住駅仲町出口→徒歩５分　千代田線１番出口→徒歩２分,"3,400円～",【早割14プラン☆】14日前予約でお得に割引プラン♪朝食カレー付き！,https://www.jalan.net/uw/uwp3200/uww3201init.do?yadNo=348752&planCd=03810778&roomTypeCd=0499644&adultNum=2&dateUndecided=1,"3,400円～","3,400円～"
スパ＆カプセルホテル　グランパーク・イン北千住,https://www.jalan.net/yad348752/,北千住駅仲町出口→徒歩５分　千代田線１番出口→徒歩２分,"3,400円～",【連泊の方限定割引プラン☆】連泊でお得に割引プラン♪※サウナ・大浴場男性専用／朝食カレー付き！,https://www.jalan.net/uw/uwp3200/uww3201init.do?yadNo=348752&planCd=03811606&roomTypeCd=0499644&adultNum=2&dateUndecided=1,N/A,N/A
スパ＆カプセルホテル　グランパーク・イン北千住,https://www.jalan.net/yad348752/,北千住駅仲町出口→徒歩５分　千代田線１番出口→徒歩２分,"3,400円～",【早割7プラン☆】7日前予約でお得に割引プラン♪朝食カレー付き！,https://www.jalan.net/uw/uwp3200/uww3201init.do?yadNo=348752&planCd=03810754&roomTypeCd=0499644&adultNum=2&dateUndecided=1,"3,600円～","3,600円～"
LYURO 東京清澄 by THE SHARE HOTELS,https://www.jalan.net/yad372467/,半蔵門線「水天宮前」駅徒歩10分　または　大江戸線「清澄白河」駅徒歩10 分,"3,430円～",【早期割90プラン】じゃらん限定｜90日前予約がお得なプラン（素泊まり）,https://www.jalan.net/uw/uwp3200/uww3201init.do?yadNo=372467&planCd=03588811&roomTypeCd=0365558&adultNum=2&dateUndecided=1,"3,430円～","3,430円～"
LYURO 東京清澄 by THE SHARE HOTELS,https://www.jalan.net/yad372467/,半蔵門線「水天宮前」駅徒歩10分　または　大江戸線「清澄白河」駅徒歩10 分,"3,430円～",【オンラインカード決済限定】返金不可／予約時100％決済でスマートに（素泊まり）,https://www.jalan.net/uw/uwp3200/uww3201init.do?yadNo=372467&planCd=03588300&roomTypeCd=0365558&adultNum=2&dateUndecided=1,"3,675円～","3,675円～"
LYURO 東京清澄 by THE SHARE HOTELS,https://www.jalan.net/yad372467/,半蔵門線「水天宮前」駅徒歩10分　または　大江戸線「清澄白河」駅徒歩10 分,"3,430円～",【早期割60プラン】じゃらん限定｜60日前予約がお得なプラン（素泊まり）,https://www.jalan.net/uw/uwp3200/uww3201init.do?yadNo=372467&planCd=03588776&roomTypeCd=0365558&adultNum=2&dateUndecided=1,"3,675円～","3,675円～"
豪華カプセルホテル安心お宿　新橋駅前店,https://www.jalan.net/yad368296/,ＪＲ新橋駅　烏森口より徒歩30秒／地下鉄新橋駅　烏森口より徒歩3分　餃子の王将向い側です。,"3,480円～",【男性専用】【7連泊以上でお得！】,https://www.jalan.net/uw/uwp3200/uww3201init.do?yadNo=368296&planCd=03713193&roomTypeCd=0567796&adultNum=2&dateUndecided=1,N/A,N/A
豪華カプセルホテル安心お宿　新橋駅前店,https://www.jalan.net/yad368296/,ＪＲ新橋駅　烏森口より徒歩30秒／地下鉄新橋駅　烏森口より徒歩3分　餃子の王将向い側です。,"3,480円～",【男性専用】【7連泊以上でお得！】,https://www.jalan.net/uw/uwp3200/uww3201init.do?yadNo=368296&planCd=03713193&roomTypeCd=0567797&adultNum=2&dateUndecided=1,N/A,N/A
豪華カプセルホテル安心お宿　新橋駅前店,https://www.jalan.net/yad368296/,ＪＲ新橋駅　烏森口より徒歩30秒／地下鉄新橋駅　烏森口より徒歩3分　餃子の王将向い側です。,"3,480円～",【男性専用】飛行機/新幹線/有料特急列車/高速バスのご利用でお得！,https://www.jalan.net/uw/uwp3200/uww3201init.do?yadNo=368296&planCd=03786885&roomTypeCd=0556464&adultNum=2&dateUndecided=1,"3,980円～","3,980円～"
ビジネスホテル　福田屋,https://www.jalan.net/yad325340/,JR・東京メトロ日比谷線南千住駅下車徒歩13分。浅草や上野駅から都バスをご利用頂くとさらに便利です。,"3,500円～",10周年記念特別企画！期間限定！お得プラン,https://www.jalan.net/uw/uwp3200/uww3201init.do?yadNo=325340&planCd=00899526&roomTypeCd=0040271&adultNum=2&dateUndecided=1,"3,500円～","3,500円～"
Stay Work Asakusa Guesthouse,https://www.jalan.net/yad342757/,"都営線浅草線浅草駅A2番出口 徒歩7分,   東京メトロ銀座線 浅草駅4番出口 徒歩10分","3,500円～",スタンダードプラン2024,https://www.jalan.net/uw/uwp3200/uww3201init.do?yadNo=342757&planCd=03863740&roomTypeCd=0569910&adultNum=2&dateUndecided=1,"3,500円～","3,500円～"
Stay Work Asakusa Guesthouse,https://www.jalan.net/yad342757/,"都営線浅草線浅草駅A2番出口 徒歩7分,   東京メトロ銀座線 浅草駅4番出口 徒歩10分","3,500円～",スタンダードプラン2024,https://www.jalan.net/uw/uwp3200/uww3201init.do?yadNo=342757&planCd=03863740&roomTypeCd=0569911&adultNum=2&dateUndecided=1,"3,500円～","3,500円～"
Stay Work Asakusa Guesthouse,https://www.jalan.net/yad342757/,"都営線浅草線浅草駅A2番出口 徒歩7分,   東京メトロ銀座線 浅草駅4番出口 徒歩10分","3,500円～",【返金不可プラン】2024,https://www.jalan.net/uw/uwp3200/uww3201init.do?yadNo=342757&planCd=03865176&roomTypeCd=0569911&adultNum=2&dateUndecided=1,"3,780円～","3,780円～"
ホテルアクセラ,https://www.jalan.net/yad358940/,東京メトロ日比谷線南千住駅南口徒歩７分・常磐線　つくばエクスプレス南千住駅徒歩９分　明治通り方面へ,"3,600円～",連泊プラン（３泊以上）,https://www.jalan.net/uw/uwp3200/uww3201init.do?yadNo=358940&planCd=01750163&roomTypeCd=0132729&adultNum=2&dateUndecided=1,N/A,N/A
ホテルアクセラ,https://www.jalan.net/yad358940/,東京メトロ日比谷線南千住駅南口徒歩７分・常磐線　つくばエクスプレス南千住駅徒歩９分　明治通り方面へ,"3,600円～",連泊プラン（３泊以上）,https://www.jalan.net/uw/uwp3200/uww3201init.do?yadNo=358940&planCd=01750163&roomTypeCd=0132737&adultNum=2&dateUndecided=1,N/A,N/A
ホテルアクセラ,https://www.jalan.net/yad358940/,東京メトロ日比谷線南千住駅南口徒歩７分・常磐線　つくばエクスプレス南千住駅徒歩９分　明治通り方面へ,"3,600円～",連泊プラン（３泊以上）,https://www.jalan.net/uw/uwp3200/uww3201init.do?yadNo=358940&planCd=01750163&roomTypeCd=0132733&adultNum=2&dateUndecided=1,N/A,N/A
サクラホテル神保町,https://www.jalan.net/yad324447/,神保町駅A1出口を左方向へ専大前交差点を左折し、ファミリーマートを過ぎたら再び左折。徒歩1分,"3,800円～",武道館へ！東京ドームへ！観覧プラン - 朝食付き,https://www.jalan.net/uw/uwp3200/uww3201init.do?yadNo=324447&planCd=01739421&roomTypeCd=0275459&adultNum=2&dateUndecided=1,"3,800円～","3,800円～"
サクラホテル神保町,https://www.jalan.net/yad324447/,神保町駅A1出口を左方向へ専大前交差点を左折し、ファミリーマートを過ぎたら再び左折。徒歩1分,"3,800円～",武道館へ！東京ドームへ！観覧プラン - 朝食付き,https://www.jalan.net/uw/uwp3200/uww3201init.do?yadNo=324447&planCd=01739421&roomTypeCd=0275460&adultNum=2&dateUndecided=1,"3,800円～","3,800円～"
サクラホテル神保町,https://www.jalan.net/yad324447/,神保町駅A1出口を左方向へ専大前交差点を左折し、ファミリーマートを過ぎたら再び左折。徒歩1分,"3,800円～",武道館へ！東京ドームへ！観覧プラン - 朝食付き,https://www.jalan.net/uw/uwp3200/uww3201init.do?yadNo=324447&planCd=01739421&roomTypeCd=0288665&adultNum=2&dateUndecided=1,-円,"8,300円～"
サウナ＆カプセルホテル北欧,https://www.jalan.net/yad358880/,ＪＲ上野駅、浅草口徒歩１分。富士そばを左折後、左手にございます。,"3,900円～",早い者勝ち！【部屋数限定】早割７★プラン,https://www.jalan.net/uw/uwp3200/uww3201init.do?yadNo=358880&planCd=01138043&roomTypeCd=0149004&adultNum=2&dateUndecided=1,"3,900円～","3,900円～"
サウナ＆カプセルホテル北欧,https://www.jalan.net/yad358880/,ＪＲ上野駅、浅草口徒歩１分。富士そばを左折後、左手にございます。,"3,900円～",突然のご宿泊にもうれしい♪【直前割】上野駅から徒歩１分！観光＆ビジネス拠点に！,https://www.jalan.net/uw/uwp3200/uww3201init.do?yadNo=358880&planCd=01908840&roomTypeCd=0149004&adultNum=2&dateUndecided=1,"4,200円～","4,200円～"
サウナ＆カプセルホテル北欧,https://www.jalan.net/yad358880/,ＪＲ上野駅、浅草口徒歩１分。富士そばを左折後、左手にございます。,"3,900円～",【ネット予約限定】朝食付きプラン★上野駅から徒歩１分！観光＆ビジネスに最適！！,https://www.jalan.net/uw/uwp3200/uww3201init.do?yadNo=358880&planCd=01886993&roomTypeCd=0149004&adultNum=2&dateUndecided=1,"4,480円～","4,480円～"
スパ＆カプセル　ニューウイング,https://www.jalan.net/yad383940/,ＪＲ総武線　錦糸町駅より徒歩3分／東京メトロ半蔵門線　錦糸町駅より徒歩3分,"4,000円～",【素泊まり】　カプセル上段　【コンセント口付あり★】,https://www.jalan.net/uw/uwp3200/uww3201init.do?yadNo=383940&planCd=02896772&roomTypeCd=0163787&adultNum=2&dateUndecided=1,-円,"4,000円～"
スパ＆カプセル　ニューウイング,https://www.jalan.net/yad383940/,ＪＲ総武線　錦糸町駅より徒歩3分／東京メトロ半蔵門線　錦糸町駅より徒歩3分,"4,000円～",【素泊まり】カプセル下段【コンセント口付あり★】,https://www.jalan.net/uw/uwp3200/uww3201init.do?yadNo=383940&planCd=02897344&roomTypeCd=0309544&adultNum=2&dateUndecided=1,-円,"4,000円～"
ホテル丸忠CLASSICO,https://www.jalan.net/yad306887/,JR常磐線、東京メトロ日比谷線、つくばエクスプレス南千住駅下車、徒歩７～１０分,"4,000円～",※アメニティなし　禁煙シングルルーム,https://www.jalan.net/uw/uwp3200/uww3201init.do?yadNo=306887&planCd=03416175&roomTypeCd=0114495&adultNum=2&dateUndecided=1,"4,000円～","4,000円～"
ホテル丸忠CLASSICO,https://www.jalan.net/yad306887/,JR常磐線、東京メトロ日比谷線、つくばエクスプレス南千住駅下車、徒歩７～１０分,"4,000円～",※アメニティなし　喫煙シングルルーム,https://www.jalan.net/uw/uwp3200/uww3201init.do?yadNo=306887&planCd=03454488&roomTypeCd=0114496&adultNum=2&dateUndecided=1,"4,000円～","4,000円～"
ホテル丸忠CLASSICO,https://www.jalan.net/yad306887/,JR常磐線、東京メトロ日比谷線、つくばエクスプレス南千住駅下車、徒歩７～１０分,"4,000円～","※アメニティ無し◆QUOカード1,000円付プラン◆一般フロア　シングル",https://www.jalan.net/uw/uwp3200/uww3201init.do?yadNo=306887&planCd=02228209&roomTypeCd=0114495&adultNum=2&dateUndecided=1,"7,000円～","7,000円～"
ホテルアカイ,https://www.jalan.net/yad358657/,京成線青砥駅から徒歩１分（ＴＳＵＴＡＹＡ向かい）,"4,000円～",【カプセル】リーズナブルに宿泊【男性専用】,https://www.jalan.net/uw/uwp3200/uww3201init.do?yadNo=358657&planCd=00769909&roomTypeCd=0170884&adultNum=2&dateUndecided=1,"4,000円～","4,000円～"
ホテルアカイ,https://www.jalan.net/yad358657/,京成線青砥駅から徒歩１分（ＴＳＵＴＡＹＡ向かい）,"4,000円～",【カプセル上段】男性専用,https://www.jalan.net/uw/uwp3200/uww3201init.do?yadNo=358657&planCd=02169987&roomTypeCd=0523926&adultNum=2&dateUndecided=1,"4,000円～","4,000円～"
ホテルアカイ,https://www.jalan.net/yad358657/,京成線青砥駅から徒歩１分（ＴＳＵＴＡＹＡ向かい）,"4,000円～",【シングル】インターネット予約割引【お得】,https://www.jalan.net/uw/uwp3200/uww3201init.do?yadNo=358657&planCd=00770495&roomTypeCd=0170996&adultNum=2&dateUndecided=1,"7,300円～","7,300円～"
カンガルーホテル,https://www.jalan.net/yad366896/,JR常磐線・東京メトロ日比谷線・つくばエクスプレス「南千住」駅より徒歩11分,"4,000円～",シンプルスタイルで低価格を実現！洋室シングル,https://www.jalan.net/uw/uwp3200/uww3201init.do?yadNo=366896&planCd=01168212&roomTypeCd=0232974&adultNum=2&dateUndecided=1,-円,"4,000円～"
カンガルーホテル,https://www.jalan.net/yad366896/,JR常磐線・東京メトロ日比谷線・つくばエクスプレス「南千住」駅より徒歩11分,"4,000円～",シンプルスタイルで低価格を実現！洋室ツイン,https://www.jalan.net/uw/uwp3200/uww3201init.do?yadNo=366896&planCd=02843177&roomTypeCd=0454242&adultNum=2&dateUndecided=1,-円,"5,000円～"
カンガルーホテル,https://www.jalan.net/yad366896/,JR常磐線・東京メトロ日比谷線・つくばエクスプレス「南千住」駅より徒歩11分,"4,000円～",ロフト形式２ベッドルーム！友達や家族と♪,https://www.jalan.net/uw/uwp3200/uww3201init.do?yadNo=366896&planCd=02806060&roomTypeCd=0448839&adultNum=2&dateUndecided=1,-円,"5,000円～"
ホテル奉仕会館,https://www.jalan.net/yad315961/,JR総武快速線馬喰町駅・都営新宿線馬喰横山駅⇒A1出口徒歩3分/都営浅草線東日本橋駅⇒A4orB1出口徒歩3分,"4,000円～",【個室・素泊まり】☆シングルルーム☆一人旅・出張・イベント遠征等に最適♪,https://www.jalan.net/uw/uwp3200/uww3201init.do?yadNo=315961&planCd=00152861&roomTypeCd=0041008&adultNum=2&dateUndecided=1,"4,000円～","4,000円～"
ホテル奉仕会館,https://www.jalan.net/yad315961/,JR総武快速線馬喰町駅・都営新宿線馬喰横山駅⇒A1出口徒歩3分/都営浅草線東日本橋駅⇒A4orB1出口徒歩3分,"4,000円～",【個室・素泊まり】☆リニューアル☆内装を新しくしたシングルルーム♪,https://www.jalan.net/uw/uwp3200/uww3201init.do?yadNo=315961&planCd=00449672&roomTypeCd=0051786&adultNum=2&dateUndecided=1,"4,500円～","4,500円～"
ホテル奉仕会館,https://www.jalan.net/yad315961/,JR総武快速線馬喰町駅・都営新宿線馬喰横山駅⇒A1出口徒歩3分/都営浅草線東日本橋駅⇒A4orB1出口徒歩3分,"4,000円～",【個室・素泊まり】トリプルルーム（1名～3名）※部屋指定なし,https://www.jalan.net/uw/uwp3200/uww3201init.do?yadNo=315961&planCd=00325363&roomTypeCd=0041012&adultNum=2&dateUndecided=1,"5,000円～","5,000円～"
ＭｙＣＵＢＥ　ｂｙ　ＭＹＳＴＡＹＳ　浅草蔵前,https://www.jalan.net/yad328115/,都営浅草線・蔵前駅から徒歩1分！日本橋から４駅６分、水道橋から５駅１２分、秋葉原から２駅８分の好立地,"4,100円～",男性専用／７泊以上でお得にステイ・ウィークリープラン素泊り【ベッドメイク清掃なし・タオル類交換可】,https://www.jalan.net/uw/uwp3200/uww3201init.do?yadNo=328115&planCd=02176223&roomTypeCd=0345409&adultNum=2&dateUndecided=1,N/A,N/A
ＭｙＣＵＢＥ　ｂｙ　ＭＹＳＴＡＹＳ　浅草蔵前,https://www.jalan.net/yad328115/,都営浅草線・蔵前駅から徒歩1分！日本橋から４駅６分、水道橋から５駅１２分、秋葉原から２駅８分の好立地,"4,100円～",女性専用／７泊以上でお得にステイ・ウィークリープラン素泊り【ベッドメイク清掃なし・タオル類交換可】,https://www.jalan.net/uw/uwp3200/uww3201init.do?yadNo=328115&planCd=02176227&roomTypeCd=0345410&adultNum=2&dateUndecided=1,N/A,N/A
ＭｙＣＵＢＥ　ｂｙ　ＭＹＳＴＡＹＳ　浅草蔵前,https://www.jalan.net/yad328115/,都営浅草線・蔵前駅から徒歩1分！日本橋から４駅６分、水道橋から５駅１２分、秋葉原から２駅８分の好立地,"4,100円～",【女性専用】連泊ECOプラン【ベッドメイク清掃なし・タオル類交換可】,https://www.jalan.net/uw/uwp3200/uww3201init.do?yadNo=328115&planCd=02350353&roomTypeCd=0345410&adultNum=2&dateUndecided=1,N/A,N/A
ＳＯＨＯ浅草,https://www.jalan.net/yad366635/,東京メトロ　入谷駅より徒歩にて約10～15分,"4,200円～",『早割り30』【素泊まり】スタンダードプラン,https://www.jalan.net/uw/uwp3200/uww3201init.do?yadNo=366635&planCd=03430550&roomTypeCd=0169634&adultNum=2&dateUndecided=1,"4,200円～","4,200円～"
ＳＯＨＯ浅草,https://www.jalan.net/yad366635/,東京メトロ　入谷駅より徒歩にて約10～15分,"4,200円～",『旅行応援プラン』【素泊まり】スタンダードプラン　インターネットご利用無料,https://www.jalan.net/uw/uwp3200/uww3201init.do?yadNo=366635&planCd=03430562&roomTypeCd=0169634&adultNum=2&dateUndecided=1,"4,400円～","4,400円～"
ＳＯＨＯ浅草,https://www.jalan.net/yad366635/,東京メトロ　入谷駅より徒歩にて約10～15分,"4,200円～",『早割り30』【素泊まり】スタンダードプラン,https://www.jalan.net/uw/uwp3200/uww3201init.do?yadNo=366635&planCd=03430550&roomTypeCd=0169635&adultNum=2&dateUndecided=1,"4,600円～","4,600円～"
ホテルヒルトップ,https://www.jalan.net/yad335106/,東武東上線成増駅徒歩１分！,"4,400円～",激得！男性限定カプセル素泊まりプラン　(上段）,https://www.jalan.net/uw/uwp3200/uww3201init.do?yadNo=335106&planCd=00641622&roomTypeCd=0025228&adultNum=2&dateUndecided=1,-円,"4,400円～"
ホテルヒルトップ,https://www.jalan.net/yad335106/,東武東上線成増駅徒歩１分！,"4,400円～",男性限定＊カプセル＆サウナセットプラン(下段）,https://www.jalan.net/uw/uwp3200/uww3201init.do?yadNo=335106&planCd=00357453&roomTypeCd=0025228&adultNum=2&dateUndecided=1,"4,500円～","4,500円～"
ホテルヒルトップ,https://www.jalan.net/yad335106/,東武東上線成増駅徒歩１分！,"4,400円～",男性限定！得々カプセル＆サウナプラン,https://www.jalan.net/uw/uwp3200/uww3201init.do?yadNo=335106&planCd=00727053&roomTypeCd=0163958&adultNum=2&dateUndecided=1,-円,"4,500円～"
